Siglent Technologies,SSA5085A,SSA5AA4D900088,1.9.0.2.2R3
PMA Benchtop NPD v2.00,,,
Frequency Start = 2.0 GHz,,,
Frequency Stop = 5.0 GHz,,,
Frequency Step = 0.3 MHz,,,
Number of Frequency Points = 10001.0,,,
Number of Averages = 10.0,,,
Resolution Bandwidth = 10.0 KHz,,,
,,,
Freq(GHz),Raw Data,dBm/Hz,
2,-117.3388,-157.3388,
2.0003,-119.8725,-159.8725,
2.0006,-120.5646,-160.5646,
2.0009,-118.4965,-158.4965,
2.0012,-118.0291,-158.0291,
2.0015,-119.5609,-159.5609,
2.0018,-118.5478,-158.5478,
2.0021,-118.5567,-158.5567,
2.0024,-118.3609,-158.3609,
2.0027,-120.5835,-160.5835,
2.003,-117.3736,-157.3736,
2.0033,-119.9237,-159.9237,
2.0036,-120.1457,-160.1457,
2.0039,-121.3677,-161.3677,
2.0042,-118.6372,-158.6372,
2.0045,-118.3697,-158.3697,
2.0048,-119.8617,-159.8617,
2.0051,-119.3887,-159.3887,
2.0054,-118.6813,-158.6813,
2.0057,-119.1422,-159.1422,
2.006,-119.2342,-159.2342,
2.0063,-119.0568,-159.0568,
2.0066,-118.4005,-158.4005,
2.0069,-117.7362,-157.7362,
2.0072,-119.1156,-159.1156,
2.0075,-119.1803,-159.1803,
2.0078,-118.2213,-158.2213,
2.0081,-118.8238,-158.8238,
2.0084,-118.6814,-158.6814,
2.0087,-119.1262,-159.1262,
2.009,-118.6465,-158.6465,
2.0093,-119.4734,-159.4734,
2.0096,-118.6512,-158.6512,
2.0099,-118.5559,-158.5559,
2.0102,-119.6939,-159.6939,
2.0105,-119.5751,-159.5751,
2.0108,-120.314,-160.314,
2.0111,-119.5783,-159.5783,
2.0114,-119.1876,-159.1876,
2.0117,-120.8359,-160.8359,
2.012,-119.2922,-159.2922,
2.0123,-119.0668,-159.0668,
2.0126,-119.2635,-159.2635,
2.0129,-117.907,-157.907,
2.0132,-119.8532,-159.8532,
2.0135,-118.0565,-158.0565,
2.0138,-118.7745,-158.7745,
2.0141,-120.1335,-160.1335,
2.0144,-119.3979,-159.3979,
2.0147,-119.5338,-159.5338,
2.015,-119.3586,-159.3586,
2.0153,-119.1476,-159.1476,
2.0156,-120.7972,-160.7972,
2.0159,-119.1486,-159.1486,
2.0162,-118.8562,-158.8562,
2.0165,-119.6565,-159.6565,
2.0168,-119.2729,-159.2729,
2.0171,-118.903,-158.903,
2.0174,-118.5514,-158.5514,
2.0177,-118.7411,-158.7411,
2.018,-117.9005,-157.9005,
2.0183,-118.7151,-158.7151,
2.0186,-119.2394,-159.2394,
2.0189,-120.8679,-160.8679,
2.0192,-118.052,-158.052,
2.0195,-119.3668,-159.3668,
2.0198,-117.3574,-157.3574,
2.0201,-119.2479,-159.2479,
2.0204,-119.3185,-159.3185,
2.0207,-120.0534,-160.0534,
2.021,-118.439,-158.439,
2.0213,-119.4398,-159.4398,
2.0216,-118.567,-158.567,
2.0219,-117.7185,-157.7185,
2.0222,-119.2745,-159.2745,
2.0225,-118.9027,-158.9027,
2.0228,-119.7756,-159.7756,
2.0231,-120.049,-160.049,
2.0234,-118.7768,-158.7768,
2.0237,-120.0429,-160.0429,
2.024,-119.767,-159.767,
2.0243,-120.144,-160.144,
2.0246,-118.5906,-158.5906,
2.0249,-117.5562,-157.5562,
2.0252,-119.0726,-159.0726,
2.0255,-119.1439,-159.1439,
2.0258,-118.792,-158.792,
2.0261,-119.0233,-159.0233,
2.0264,-119.2612,-159.2612,
2.0267,-117.7027,-157.7027,
2.027,-120.4912,-160.4912,
2.0273,-119.204,-159.204,
2.0276,-117.4594,-157.4594,
2.0279,-118.8777,-158.8777,
2.0282,-119.8903,-159.8903,
2.0285,-119.8788,-159.8788,
2.0288,-119.0679,-159.0679,
2.0291,-120.0795,-160.0795,
2.0294,-118.3154,-158.3154,
2.0297,-119.2691,-159.2691,
2.03,-118.2149,-158.2149,
2.0303,-119.4317,-159.4317,
2.0306,-118.9616,-158.9616,
2.0309,-119.8941,-159.8941,
2.0312,-118.7199,-158.7199,
2.0315,-118.0704,-158.0704,
2.0318,-119.2547,-159.2547,
2.0321,-120.4337,-160.4337,
2.0324,-118.6278,-158.6278,
2.0327,-118.6883,-158.6883,
2.033,-118.5544,-158.5544,
2.0333,-122.442,-162.442,
2.0336,-117.7653,-157.7653,
2.0339,-118.5371,-158.5371,
2.0342,-118.3293,-158.3293,
2.0345,-119.3616,-159.3616,
2.0348,-119.125,-159.125,
2.0351,-118.8379,-158.8379,
2.0354,-119.2459,-159.2459,
2.0357,-118.7383,-158.7383,
2.036,-117.4336,-157.4336,
2.0363,-119.7578,-159.7578,
2.0366,-120.4771,-160.4771,
2.0369,-119.5439,-159.5439,
2.0372,-118.8668,-158.8668,
2.0375,-117.4859,-157.4859,
2.0378,-119.7535,-159.7535,
2.0381,-118.4508,-158.4508,
2.0384,-118.5093,-158.5093,
2.0387,-119.7015,-159.7015,
2.039,-119.282,-159.282,
2.0393,-120.5754,-160.5754,
2.0396,-119.4662,-159.4662,
2.0399,-117.4333,-157.4333,
2.0402,-118.3417,-158.3417,
2.0405,-120.3244,-160.3244,
2.0408,-117.5276,-157.5276,
2.0411,-119.1836,-159.1836,
2.0414,-119.3901,-159.3901,
2.0417,-119.6,-159.6,
2.042,-119.0162,-159.0162,
2.0423,-118.702,-158.702,
2.0426,-118.9528,-158.9528,
2.0429,-120.5111,-160.5111,
2.0432,-119.2693,-159.2693,
2.0435,-119.9667,-159.9667,
2.0438,-118.5822,-158.5822,
2.0441,-119.464,-159.464,
2.0444,-117.0078,-157.0078,
2.0447,-118.0938,-158.0938,
2.045,-117.6733,-157.6733,
2.0453,-118.3847,-158.3847,
2.0456,-118.9215,-158.9215,
2.0459,-118.2707,-158.2707,
2.0462,-117.6963,-157.6963,
2.0465,-119.0665,-159.0665,
2.0468,-117.1818,-157.1818,
2.0471,-119.6978,-159.6978,
2.0474,-120.0596,-160.0596,
2.0477,-118.7202,-158.7202,
2.048,-120.5225,-160.5225,
2.0483,-119.0194,-159.0194,
2.0486,-119.4959,-159.4959,
2.0489,-118.5282,-158.5282,
2.0492,-119.1707,-159.1707,
2.0495,-117.3437,-157.3437,
2.0498,-119.6547,-159.6547,
2.0501,-117.4483,-157.4483,
2.0504,-117.5918,-157.5918,
2.0507,-116.9811,-156.9811,
2.051,-118.6659,-158.6659,
2.0513,-119.011,-159.011,
2.0516,-118.0299,-158.0299,
2.0519,-118.2081,-158.2081,
2.0522,-120.1465,-160.1465,
2.0525,-119.6607,-159.6607,
2.0528,-121.1251,-161.1251,
2.0531,-118.1941,-158.1941,
2.0534,-119.0407,-159.0407,
2.0537,-119.3833,-159.3833,
2.054,-119.6176,-159.6176,
2.0543,-119.748,-159.748,
2.0546,-118.5923,-158.5923,
2.0549,-118.518,-158.518,
2.0552,-118.1566,-158.1566,
2.0555,-119.0742,-159.0742,
2.0558,-118.9316,-158.9316,
2.0561,-118.431,-158.431,
2.0564,-119.3767,-159.3767,
2.0567,-120.3826,-160.3826,
2.057,-118.0357,-158.0357,
2.0573,-119.7461,-159.7461,
2.0576,-119.3592,-159.3592,
2.0579,-119.5943,-159.5943,
2.0582,-119.5856,-159.5856,
2.0585,-118.495,-158.495,
2.0588,-118.077,-158.077,
2.0591,-118.184,-158.184,
2.0594,-120.6854,-160.6854,
2.0597,-120.4699,-160.4699,
2.06,-119.2839,-159.2839,
2.0603,-117.8722,-157.8722,
2.0606,-120.3459,-160.3459,
2.0609,-120.1805,-160.1805,
2.0612,-119.0507,-159.0507,
2.0615,-119.8831,-159.8831,
2.0618,-118.5932,-158.5932,
2.0621,-117.8086,-157.8086,
2.0624,-117.6193,-157.6193,
2.0627,-118.3381,-158.3381,
2.063,-118.7129,-158.7129,
2.0633,-118.5279,-158.5279,
2.0636,-120.1468,-160.1468,
2.0639,-119.0991,-159.0991,
2.0642,-118.505,-158.505,
2.0645,-118.5206,-158.5206,
2.0648,-117.448,-157.448,
2.0651,-119.7487,-159.7487,
2.0654,-119.9247,-159.9247,
2.0657,-117.8535,-157.8535,
2.066,-118.9131,-158.9131,
2.0663,-120.1835,-160.1835,
2.0666,-120.0767,-160.0767,
2.0669,-118.907,-158.907,
2.0672,-117.8745,-157.8745,
2.0675,-117.7696,-157.7696,
2.0678,-117.5223,-157.5223,
2.0681,-119.2417,-159.2417,
2.0684,-119.8249,-159.8249,
2.0687,-120.3551,-160.3551,
2.069,-118.0192,-158.0192,
2.0693,-118.8318,-158.8318,
2.0696,-119.6741,-159.6741,
2.0699,-120.9919,-160.9919,
2.0702,-118.6011,-158.6011,
2.0705,-119.0821,-159.0821,
2.0708,-119.9811,-159.9811,
2.0711,-119.4503,-159.4503,
2.0714,-119.0823,-159.0823,
2.0717,-120.4518,-160.4518,
2.072,-120.7793,-160.7793,
2.0723,-118.1736,-158.1736,
2.0726,-120.4164,-160.4164,
2.0729,-118.1393,-158.1393,
2.0732,-119.5937,-159.5937,
2.0735,-120.0523,-160.0523,
2.0738,-119.2543,-159.2543,
2.0741,-118.5723,-158.5723,
2.0744,-118.9057,-158.9057,
2.0747,-118.749,-158.749,
2.075,-121.0162,-161.0162,
2.0753,-120.1839,-160.1839,
2.0756,-117.4479,-157.4479,
2.0759,-118.1844,-158.1844,
2.0762,-118.1971,-158.1971,
2.0765,-119.3653,-159.3653,
2.0768,-119.328,-159.328,
2.0771,-119.2263,-159.2263,
2.0774,-119.0477,-159.0477,
2.0777,-119.0455,-159.0455,
2.078,-119.23,-159.23,
2.0783,-118.3391,-158.3391,
2.0786,-118.8006,-158.8006,
2.0789,-119.0788,-159.0788,
2.0792,-118.0981,-158.0981,
2.0795,-117.4711,-157.4711,
2.0798,-118.4023,-158.4023,
2.0801,-119.184,-159.184,
2.0804,-117.4801,-157.4801,
2.0807,-118.8788,-158.8788,
2.081,-117.9694,-157.9694,
2.0813,-119.3884,-159.3884,
2.0816,-117.7579,-157.7579,
2.0819,-119.5451,-159.5451,
2.0822,-118.2031,-158.2031,
2.0825,-118.122,-158.122,
2.0828,-118.9374,-158.9374,
2.0831,-118.6172,-158.6172,
2.0834,-118.7433,-158.7433,
2.0837,-119.0421,-159.0421,
2.084,-117.5382,-157.5382,
2.0843,-118.3417,-158.3417,
2.0846,-119.425,-159.425,
2.0849,-118.14,-158.14,
2.0852,-118.1932,-158.1932,
2.0855,-120.6659,-160.6659,
2.0858,-119.8955,-159.8955,
2.0861,-118.8519,-158.8519,
2.0864,-118.786,-158.786,
2.0867,-117.5511,-157.5511,
2.087,-118.0561,-158.0561,
2.0873,-117.9212,-157.9212,
2.0876,-118.4628,-158.4628,
2.0879,-119.2472,-159.2472,
2.0882,-120.0259,-160.0259,
2.0885,-118.0931,-158.0931,
2.0888,-118.779,-158.779,
2.0891,-118.4799,-158.4799,
2.0894,-116.9009,-156.9009,
2.0897,-118.6097,-158.6097,
2.09,-119.8193,-159.8193,
2.0903,-118.894,-158.894,
2.0906,-117.7645,-157.7645,
2.0909,-118.4578,-158.4578,
2.0912,-118.6053,-158.6053,
2.0915,-119.2973,-159.2973,
2.0918,-118.6877,-158.6877,
2.0921,-118.9604,-158.9604,
2.0924,-119.3375,-159.3375,
2.0927,-120.1658,-160.1658,
2.093,-120.8281,-160.8281,
2.0933,-117.8425,-157.8425,
2.0936,-118.8541,-158.8541,
2.0939,-117.7399,-157.7399,
2.0942,-120.5043,-160.5043,
2.0945,-118.2375,-158.2375,
2.0948,-119.4057,-159.4057,
2.0951,-120.4093,-160.4093,
2.0954,-118.774,-158.774,
2.0957,-121.0444,-161.0444,
2.096,-120.5815,-160.5815,
2.0963,-117.4809,-157.4809,
2.0966,-119.874,-159.874,
2.0969,-118.8784,-158.8784,
2.0972,-118.5197,-158.5197,
2.0975,-116.2668,-156.2668,
2.0978,-119.4683,-159.4683,
2.0981,-118.5177,-158.5177,
2.0984,-118.2946,-158.2946,
2.0987,-120.1258,-160.1258,
2.099,-119.3074,-159.3074,
2.0993,-119.547,-159.547,
2.0996,-119.5594,-159.5594,
2.0999,-118.6995,-158.6995,
2.1002,-119.9184,-159.9184,
2.1005,-118.4832,-158.4832,
2.1008,-118.3721,-158.3721,
2.1011,-120.1056,-160.1056,
2.1014,-116.9284,-156.9284,
2.1017,-118.4967,-158.4967,
2.102,-121.3733,-161.3733,
2.1023,-118.5598,-158.5598,
2.1026,-120.1757,-160.1757,
2.1029,-118.8483,-158.8483,
2.1032,-118.3421,-158.3421,
2.1035,-117.9577,-157.9577,
2.1038,-118.3645,-158.3645,
2.1041,-118.8066,-158.8066,
2.1044,-118.0243,-158.0243,
2.1047,-118.1266,-158.1266,
2.105,-118.6851,-158.6851,
2.1053,-118.6705,-158.6705,
2.1056,-118.5913,-158.5913,
2.1059,-118.6176,-158.6176,
2.1062,-120.5215,-160.5215,
2.1065,-117.8877,-157.8877,
2.1068,-117.5005,-157.5005,
2.1071,-118.6135,-158.6135,
2.1074,-118.2701,-158.2701,
2.1077,-118.1768,-158.1768,
2.108,-119.3142,-159.3142,
2.1083,-119.0563,-159.0563,
2.1086,-117.0275,-157.0275,
2.1089,-118.1011,-158.1011,
2.1092,-119.9289,-159.9289,
2.1095,-117.6456,-157.6456,
2.1098,-117.8616,-157.8616,
2.1101,-117.896,-157.896,
2.1104,-118.1187,-158.1187,
2.1107,-118.3597,-158.3597,
2.111,-116.5594,-156.5594,
2.1113,-116.1539,-156.1539,
2.1116,-114.9073,-154.9073,
2.1119,-114.2224,-154.2224,
2.1122,-115.8101,-155.8101,
2.1125,-113.0151,-153.0151,
2.1128,-115.2334,-155.2334,
2.1131,-114.6084,-154.6084,
2.1134,-112.9997,-152.9997,
2.1137,-116.789,-156.789,
2.114,-114.3911,-154.3911,
2.1143,-117.5598,-157.5598,
2.1146,-116.7927,-156.7927,
2.1149,-117.9305,-157.9305,
2.1152,-117.4048,-157.4048,
2.1155,-117.1585,-157.1585,
2.1158,-117.9226,-157.9226,
2.1161,-116.8061,-156.8061,
2.1164,-117.9094,-157.9094,
2.1167,-117.4012,-157.4012,
2.117,-118.3957,-158.3957,
2.1173,-118.6029,-158.6029,
2.1176,-116.7643,-156.7643,
2.1179,-117.6607,-157.6607,
2.1182,-119.5082,-159.5082,
2.1185,-119.3025,-159.3025,
2.1188,-118.287,-158.287,
2.1191,-118.1078,-158.1078,
2.1194,-119.2446,-159.2446,
2.1197,-119.039,-159.039,
2.12,-118.1853,-158.1853,
2.1203,-117.7177,-157.7177,
2.1206,-118.3302,-158.3302,
2.1209,-117.3129,-157.3129,
2.1212,-120.5448,-160.5448,
2.1215,-118.0269,-158.0269,
2.1218,-119.2662,-159.2662,
2.1221,-119.4522,-159.4522,
2.1224,-118.1878,-158.1878,
2.1227,-119.4375,-159.4375,
2.123,-118.4283,-158.4283,
2.1233,-117.8048,-157.8048,
2.1236,-117.4157,-157.4157,
2.1239,-119.1664,-159.1664,
2.1242,-118.5203,-158.5203,
2.1245,-118.0761,-158.0761,
2.1248,-120.0453,-160.0453,
2.1251,-118.2911,-158.2911,
2.1254,-119.396,-159.396,
2.1257,-117.2997,-157.2997,
2.126,-119.3748,-159.3748,
2.1263,-117.8767,-157.8767,
2.1266,-119.9034,-159.9034,
2.1269,-119.089,-159.089,
2.1272,-118.7592,-158.7592,
2.1275,-118.7311,-158.7311,
2.1278,-116.876,-156.876,
2.1281,-118.7481,-158.7481,
2.1284,-120.4217,-160.4217,
2.1287,-118.7747,-158.7747,
2.129,-119.1183,-159.1183,
2.1293,-117.5247,-157.5247,
2.1296,-117.1588,-157.1588,
2.1299,-119.4301,-159.4301,
2.1302,-118.156,-158.156,
2.1305,-119.4401,-159.4401,
2.1308,-118.5195,-158.5195,
2.1311,-118.7753,-158.7753,
2.1314,-118.6727,-158.6727,
2.1317,-117.5691,-157.5691,
2.132,-120.0279,-160.0279,
2.1323,-118.3622,-158.3622,
2.1326,-119.0272,-159.0272,
2.1329,-118.1775,-158.1775,
2.1332,-117.7851,-157.7851,
2.1335,-119.6493,-159.6493,
2.1338,-117.9366,-157.9366,
2.1341,-118.6096,-158.6096,
2.1344,-119.1555,-159.1555,
2.1347,-119.1565,-159.1565,
2.135,-119.8705,-159.8705,
2.1353,-118.7941,-158.7941,
2.1356,-118.1526,-158.1526,
2.1359,-119.1855,-159.1855,
2.1362,-120.0999,-160.0999,
2.1365,-119.778,-159.778,
2.1368,-117.4562,-157.4562,
2.1371,-117.989,-157.989,
2.1374,-119.3654,-159.3654,
2.1377,-118.549,-158.549,
2.138,-120.2631,-160.2631,
2.1383,-119.317,-159.317,
2.1386,-118.9314,-158.9314,
2.1389,-117.6978,-157.6978,
2.1392,-119.2335,-159.2335,
2.1395,-118.5186,-158.5186,
2.1398,-118.6983,-158.6983,
2.1401,-118.2836,-158.2836,
2.1404,-118.4514,-158.4514,
2.1407,-117.9161,-157.9161,
2.141,-119.2526,-159.2526,
2.1413,-117.7688,-157.7688,
2.1416,-120.32,-160.32,
2.1419,-118.8559,-158.8559,
2.1422,-117.4235,-157.4235,
2.1425,-117.878,-157.878,
2.1428,-118.861,-158.861,
2.1431,-119.3922,-159.3922,
2.1434,-119.1649,-159.1649,
2.1437,-117.941,-157.941,
2.144,-118.6369,-158.6369,
2.1443,-118.197,-158.197,
2.1446,-118.583,-158.583,
2.1449,-120.4645,-160.4645,
2.1452,-119.6834,-159.6834,
2.1455,-120.2237,-160.2237,
2.1458,-119.1213,-159.1213,
2.1461,-118.6823,-158.6823,
2.1464,-117.4642,-157.4642,
2.1467,-116.3528,-156.3528,
2.147,-118.4847,-158.4847,
2.1473,-118.2164,-158.2164,
2.1476,-118.0542,-158.0542,
2.1479,-117.495,-157.495,
2.1482,-117.4677,-157.4677,
2.1485,-117.8657,-157.8657,
2.1488,-118.3696,-158.3696,
2.1491,-116.3316,-156.3316,
2.1494,-118.9756,-158.9756,
2.1497,-117.9318,-157.9318,
2.15,-115.025,-155.025,
2.1503,-113.9791,-153.9791,
2.1506,-117.167,-157.167,
2.1509,-116.5069,-156.5069,
2.1512,-116.8573,-156.8573,
2.1515,-116.0703,-156.0703,
2.1518,-116.0635,-156.0635,
2.1521,-117.3089,-157.3089,
2.1524,-118.1069,-158.1069,
2.1527,-116.097,-156.097,
2.153,-117.5035,-157.5035,
2.1533,-118.5529,-158.5529,
2.1536,-117.3811,-157.3811,
2.1539,-117.4044,-157.4044,
2.1542,-117.5415,-157.5415,
2.1545,-118.7307,-158.7307,
2.1548,-119.0727,-159.0727,
2.1551,-117.3637,-157.3637,
2.1554,-119.0803,-159.0803,
2.1557,-118.6633,-158.6633,
2.156,-119.1128,-159.1128,
2.1563,-120.3043,-160.3043,
2.1566,-119.2902,-159.2902,
2.1569,-119.7333,-159.7333,
2.1572,-119.3013,-159.3013,
2.1575,-119.0416,-159.0416,
2.1578,-116.4147,-156.4147,
2.1581,-118.9747,-158.9747,
2.1584,-118.7128,-158.7128,
2.1587,-118.0452,-158.0452,
2.159,-118.6787,-158.6787,
2.1593,-118.127,-158.127,
2.1596,-117.55,-157.55,
2.1599,-119.4287,-159.4287,
2.1602,-120.0852,-160.0852,
2.1605,-117.1432,-157.1432,
2.1608,-118.8482,-158.8482,
2.1611,-117.7108,-157.7108,
2.1614,-118.7188,-158.7188,
2.1617,-118.6055,-158.6055,
2.162,-117.9938,-157.9938,
2.1623,-119.5308,-159.5308,
2.1626,-118.2545,-158.2545,
2.1629,-119.7367,-159.7367,
2.1632,-119.5994,-159.5994,
2.1635,-119.8823,-159.8823,
2.1638,-118.9575,-158.9575,
2.1641,-118.3536,-158.3536,
2.1644,-118.3941,-158.3941,
2.1647,-119.8081,-159.8081,
2.165,-119.6333,-159.6333,
2.1653,-117.9559,-157.9559,
2.1656,-119.1678,-159.1678,
2.1659,-119.3602,-159.3602,
2.1662,-118.5537,-158.5537,
2.1665,-116.8249,-156.8249,
2.1668,-117.2561,-157.2561,
2.1671,-117.9501,-157.9501,
2.1674,-119.2406,-159.2406,
2.1677,-117.6572,-157.6572,
2.168,-119.4744,-159.4744,
2.1683,-119.3271,-159.3271,
2.1686,-118.7157,-158.7157,
2.1689,-118.104,-158.104,
2.1692,-118.2608,-158.2608,
2.1695,-119.0073,-159.0073,
2.1698,-118.2021,-158.2021,
2.1701,-117.9514,-157.9514,
2.1704,-118.7102,-158.7102,
2.1707,-117.8149,-157.8149,
2.171,-117.8817,-157.8817,
2.1713,-117.2746,-157.2746,
2.1716,-117.9638,-157.9638,
2.1719,-119.888,-159.888,
2.1722,-118.6434,-158.6434,
2.1725,-118.8444,-158.8444,
2.1728,-117.8481,-157.8481,
2.1731,-119.339,-159.339,
2.1734,-119.1272,-159.1272,
2.1737,-117.0644,-157.0644,
2.174,-119.8921,-159.8921,
2.1743,-118.5466,-158.5466,
2.1746,-118.9005,-158.9005,
2.1749,-119.6014,-159.6014,
2.1752,-117.5494,-157.5494,
2.1755,-118.8998,-158.8998,
2.1758,-119.4022,-159.4022,
2.1761,-118.9497,-158.9497,
2.1764,-119.157,-159.157,
2.1767,-119.3309,-159.3309,
2.177,-117.2172,-157.2172,
2.1773,-118.3192,-158.3192,
2.1776,-119.1176,-159.1176,
2.1779,-118.2344,-158.2344,
2.1782,-118.2509,-158.2509,
2.1785,-119.4401,-159.4401,
2.1788,-118.6018,-158.6018,
2.1791,-117.8684,-157.8684,
2.1794,-118.8851,-158.8851,
2.1797,-117.6099,-157.6099,
2.18,-118.5281,-158.5281,
2.1803,-118.6538,-158.6538,
2.1806,-119.2423,-159.2423,
2.1809,-119.1279,-159.1279,
2.1812,-117.7958,-157.7958,
2.1815,-118.7038,-158.7038,
2.1818,-118.1716,-158.1716,
2.1821,-119.9992,-159.9992,
2.1824,-119.3689,-159.3689,
2.1827,-116.3978,-156.3978,
2.183,-119.788,-159.788,
2.1833,-118.8318,-158.8318,
2.1836,-116.818,-156.818,
2.1839,-118.7001,-158.7001,
2.1842,-120.297,-160.297,
2.1845,-118.3857,-158.3857,
2.1848,-118.4308,-158.4308,
2.1851,-119.8181,-159.8181,
2.1854,-117.8764,-157.8764,
2.1857,-117.1962,-157.1962,
2.186,-117.6721,-157.6721,
2.1863,-119.3868,-159.3868,
2.1866,-118.601,-158.601,
2.1869,-120.5197,-160.5197,
2.1872,-119.6743,-159.6743,
2.1875,-119.2085,-159.2085,
2.1878,-118.7706,-158.7706,
2.1881,-117.5928,-157.5928,
2.1884,-118.3446,-158.3446,
2.1887,-119.2532,-159.2532,
2.189,-119.1177,-159.1177,
2.1893,-117.5853,-157.5853,
2.1896,-118.8354,-158.8354,
2.1899,-120.3182,-160.3182,
2.1902,-119.4188,-159.4188,
2.1905,-119.4385,-159.4385,
2.1908,-119.1241,-159.1241,
2.1911,-119.7314,-159.7314,
2.1914,-118.4159,-158.4159,
2.1917,-118.7442,-158.7442,
2.192,-119.2585,-159.2585,
2.1923,-118.7561,-158.7561,
2.1926,-119.8182,-159.8182,
2.1929,-118.895,-158.895,
2.1932,-120.811,-160.811,
2.1935,-119.4947,-159.4947,
2.1938,-118.7845,-158.7845,
2.1941,-118.8207,-158.8207,
2.1944,-118.8258,-158.8258,
2.1947,-119.2971,-159.2971,
2.195,-118.8915,-158.8915,
2.1953,-118.6093,-158.6093,
2.1956,-120.3118,-160.3118,
2.1959,-118.7141,-158.7141,
2.1962,-118.7937,-158.7937,
2.1965,-118.6697,-158.6697,
2.1968,-117.604,-157.604,
2.1971,-119.734,-159.734,
2.1974,-116.6511,-156.6511,
2.1977,-118.9292,-158.9292,
2.198,-118.7091,-158.7091,
2.1983,-116.7971,-156.7971,
2.1986,-116.7533,-156.7533,
2.1989,-117.1314,-157.1314,
2.1992,-118.6922,-158.6922,
2.1995,-120.7864,-160.7864,
2.1998,-117.94,-157.94,
2.2001,-118.4833,-158.4833,
2.2004,-119.284,-159.284,
2.2007,-118.2075,-158.2075,
2.201,-119.2554,-159.2554,
2.2013,-118.0903,-158.0903,
2.2016,-118.5948,-158.5948,
2.2019,-118.3236,-158.3236,
2.2022,-119.4496,-159.4496,
2.2025,-118.176,-158.176,
2.2028,-119.5053,-159.5053,
2.2031,-117.6141,-157.6141,
2.2034,-118.7409,-158.7409,
2.2037,-120.057,-160.057,
2.204,-119.8482,-159.8482,
2.2043,-119.9926,-159.9926,
2.2046,-118.396,-158.396,
2.2049,-119.2612,-159.2612,
2.2052,-119.3608,-159.3608,
2.2055,-119.0861,-159.0861,
2.2058,-119.1174,-159.1174,
2.2061,-119.3147,-159.3147,
2.2064,-116.0528,-156.0528,
2.2067,-118.4318,-158.4318,
2.207,-118.1964,-158.1964,
2.2073,-120.0042,-160.0042,
2.2076,-118.6713,-158.6713,
2.2079,-117.8936,-157.8936,
2.2082,-120.4437,-160.4437,
2.2085,-118.9517,-158.9517,
2.2088,-118.1053,-158.1053,
2.2091,-118.5298,-158.5298,
2.2094,-118.7178,-158.7178,
2.2097,-119.7455,-159.7455,
2.21,-119.5432,-159.5432,
2.2103,-118.659,-158.659,
2.2106,-119.6812,-159.6812,
2.2109,-119.0572,-159.0572,
2.2112,-119.1105,-159.1105,
2.2115,-120.6446,-160.6446,
2.2118,-119.4293,-159.4293,
2.2121,-119.3812,-159.3812,
2.2124,-119.4116,-159.4116,
2.2127,-119.6599,-159.6599,
2.213,-118.301,-158.301,
2.2133,-118.7741,-158.7741,
2.2136,-118.4323,-158.4323,
2.2139,-119.3398,-159.3398,
2.2142,-119.7327,-159.7327,
2.2145,-118.5739,-158.5739,
2.2148,-118.704,-158.704,
2.2151,-119.0572,-159.0572,
2.2154,-118.7913,-158.7913,
2.2157,-120.5858,-160.5858,
2.216,-118.6041,-158.6041,
2.2163,-119.1394,-159.1394,
2.2166,-119.2629,-159.2629,
2.2169,-119.8107,-159.8107,
2.2172,-118.0294,-158.0294,
2.2175,-117.7182,-157.7182,
2.2178,-117.8533,-157.8533,
2.2181,-119.1539,-159.1539,
2.2184,-119.1866,-159.1866,
2.2187,-118.0533,-158.0533,
2.219,-118.1179,-158.1179,
2.2193,-117.8584,-157.8584,
2.2196,-118.5302,-158.5302,
2.2199,-118.8681,-158.8681,
2.2202,-118.7397,-158.7397,
2.2205,-120.0868,-160.0868,
2.2208,-118.0942,-158.0942,
2.2211,-120.4143,-160.4143,
2.2214,-118.8668,-158.8668,
2.2217,-118.4818,-158.4818,
2.222,-118.0942,-158.0942,
2.2223,-118.9939,-158.9939,
2.2226,-117.9639,-157.9639,
2.2229,-119.947,-159.947,
2.2232,-119.6517,-159.6517,
2.2235,-120.2315,-160.2315,
2.2238,-118.868,-158.868,
2.2241,-120.9325,-160.9325,
2.2244,-118.78,-158.78,
2.2247,-117.9213,-157.9213,
2.225,-120.098,-160.098,
2.2253,-118.0432,-158.0432,
2.2256,-119.3199,-159.3199,
2.2259,-119.3803,-159.3803,
2.2262,-118.3248,-158.3248,
2.2265,-118.4157,-158.4157,
2.2268,-118.5185,-158.5185,
2.2271,-118.5405,-158.5405,
2.2274,-118.9547,-158.9547,
2.2277,-119.8158,-159.8158,
2.228,-120.4127,-160.4127,
2.2283,-118.6308,-158.6308,
2.2286,-118.4008,-158.4008,
2.2289,-118.6483,-158.6483,
2.2292,-116.7829,-156.7829,
2.2295,-120.0572,-160.0572,
2.2298,-118.0476,-158.0476,
2.2301,-119.3378,-159.3378,
2.2304,-118.8969,-158.8969,
2.2307,-117.7696,-157.7696,
2.231,-118.0831,-158.0831,
2.2313,-117.3444,-157.3444,
2.2316,-116.3674,-156.3674,
2.2319,-119.2379,-159.2379,
2.2322,-117.7685,-157.7685,
2.2325,-117.989,-157.989,
2.2328,-121.0928,-161.0928,
2.2331,-117.3662,-157.3662,
2.2334,-116.3572,-156.3572,
2.2337,-118.8086,-158.8086,
2.234,-116.3221,-156.3221,
2.2343,-119.5149,-159.5149,
2.2346,-118.9203,-158.9203,
2.2349,-119.4719,-159.4719,
2.2352,-119.4791,-159.4791,
2.2355,-117.5557,-157.5557,
2.2358,-118.3597,-158.3597,
2.2361,-116.9084,-156.9084,
2.2364,-118.5944,-158.5944,
2.2367,-120.5816,-160.5816,
2.237,-119.0168,-159.0168,
2.2373,-116.9343,-156.9343,
2.2376,-119.2977,-159.2977,
2.2379,-117.1746,-157.1746,
2.2382,-117.9984,-157.9984,
2.2385,-117.8995,-157.8995,
2.2388,-118.5312,-158.5312,
2.2391,-118.6039,-158.6039,
2.2394,-117.9537,-157.9537,
2.2397,-119.2226,-159.2226,
2.24,-119.1252,-159.1252,
2.2403,-118.7724,-158.7724,
2.2406,-118.7177,-158.7177,
2.2409,-117.6975,-157.6975,
2.2412,-118.4743,-158.4743,
2.2415,-117.6876,-157.6876,
2.2418,-118.7215,-158.7215,
2.2421,-119.7123,-159.7123,
2.2424,-118.7871,-158.7871,
2.2427,-118.2638,-158.2638,
2.243,-118.0905,-158.0905,
2.2433,-117.4413,-157.4413,
2.2436,-118.1632,-158.1632,
2.2439,-117.2217,-157.2217,
2.2442,-118.4313,-158.4313,
2.2445,-119.0341,-159.0341,
2.2448,-118.2615,-158.2615,
2.2451,-119.6066,-159.6066,
2.2454,-117.7095,-157.7095,
2.2457,-117.5732,-157.5732,
2.246,-119.1394,-159.1394,
2.2463,-118.9292,-158.9292,
2.2466,-117.1165,-157.1165,
2.2469,-119.1034,-159.1034,
2.2472,-119.1155,-159.1155,
2.2475,-118.5249,-158.5249,
2.2478,-117.2047,-157.2047,
2.2481,-119.5268,-159.5268,
2.2484,-119.8945,-159.8945,
2.2487,-119.2595,-159.2595,
2.249,-119.2631,-159.2631,
2.2493,-117.6536,-157.6536,
2.2496,-118.2865,-158.2865,
2.2499,-119.5476,-159.5476,
2.2502,-120.502,-160.502,
2.2505,-118.347,-158.347,
2.2508,-118.641,-158.641,
2.2511,-119.0128,-159.0128,
2.2514,-118.8184,-158.8184,
2.2517,-117.6226,-157.6226,
2.252,-119.8894,-159.8894,
2.2523,-119.2974,-159.2974,
2.2526,-119.072,-159.072,
2.2529,-121.0318,-161.0318,
2.2532,-118.7669,-158.7669,
2.2535,-118.7098,-158.7098,
2.2538,-117.388,-157.388,
2.2541,-118.0098,-158.0098,
2.2544,-117.9513,-157.9513,
2.2547,-118.8161,-158.8161,
2.255,-117.5281,-157.5281,
2.2553,-117.8096,-157.8096,
2.2556,-119.6364,-159.6364,
2.2559,-117.4144,-157.4144,
2.2562,-120.9646,-160.9646,
2.2565,-120.2184,-160.2184,
2.2568,-119.8502,-159.8502,
2.2571,-118.1602,-158.1602,
2.2574,-120.3496,-160.3496,
2.2577,-117.6209,-157.6209,
2.258,-118.4959,-158.4959,
2.2583,-119.3872,-159.3872,
2.2586,-119.9478,-159.9478,
2.2589,-118.2961,-158.2961,
2.2592,-117.8127,-157.8127,
2.2595,-117.0628,-157.0628,
2.2598,-120.4807,-160.4807,
2.2601,-118.7304,-158.7304,
2.2604,-117.7559,-157.7559,
2.2607,-118.7719,-158.7719,
2.261,-117.8518,-157.8518,
2.2613,-117.7317,-157.7317,
2.2616,-116.5449,-156.5449,
2.2619,-117.6337,-157.6337,
2.2622,-117.7834,-157.7834,
2.2625,-119.6178,-159.6178,
2.2628,-119.7388,-159.7388,
2.2631,-118.3588,-158.3588,
2.2634,-118.9791,-158.9791,
2.2637,-117.0764,-157.0764,
2.264,-118.9095,-158.9095,
2.2643,-119.6664,-159.6664,
2.2646,-117.5325,-157.5325,
2.2649,-118.9367,-158.9367,
2.2652,-119.0237,-159.0237,
2.2655,-119.2523,-159.2523,
2.2658,-117.0916,-157.0916,
2.2661,-118.804,-158.804,
2.2664,-118.8109,-158.8109,
2.2667,-119.1857,-159.1857,
2.267,-118.3385,-158.3385,
2.2673,-118.9323,-158.9323,
2.2676,-119.9973,-159.9973,
2.2679,-118.0872,-158.0872,
2.2682,-118.7898,-158.7898,
2.2685,-118.4656,-158.4656,
2.2688,-118.277,-158.277,
2.2691,-118.6996,-158.6996,
2.2694,-117.4136,-157.4136,
2.2697,-119.2765,-159.2765,
2.27,-118.7986,-158.7986,
2.2703,-119.5775,-159.5775,
2.2706,-119.6823,-159.6823,
2.2709,-118.5259,-158.5259,
2.2712,-118.2017,-158.2017,
2.2715,-118.0584,-158.0584,
2.2718,-118.9958,-158.9958,
2.2721,-119.229,-159.229,
2.2724,-119.9589,-159.9589,
2.2727,-116.2361,-156.2361,
2.273,-119.2908,-159.2908,
2.2733,-117.5843,-157.5843,
2.2736,-117.7829,-157.7829,
2.2739,-119.6074,-159.6074,
2.2742,-117.4326,-157.4326,
2.2745,-118.5566,-158.5566,
2.2748,-119.6109,-159.6109,
2.2751,-118.3487,-158.3487,
2.2754,-119.8977,-159.8977,
2.2757,-117.6018,-157.6018,
2.276,-118.6331,-158.6331,
2.2763,-117.5117,-157.5117,
2.2766,-118.6308,-158.6308,
2.2769,-118.8172,-158.8172,
2.2772,-119.5203,-159.5203,
2.2775,-117.8676,-157.8676,
2.2778,-118.4275,-158.4275,
2.2781,-118.1374,-158.1374,
2.2784,-117.365,-157.365,
2.2787,-118.355,-158.355,
2.279,-119.0692,-159.0692,
2.2793,-116.7603,-156.7603,
2.2796,-119.7068,-159.7068,
2.2799,-117.7248,-157.7248,
2.2802,-118.2389,-158.2389,
2.2805,-118.6268,-158.6268,
2.2808,-117.2556,-157.2556,
2.2811,-118.166,-158.166,
2.2814,-118.051,-158.051,
2.2817,-119.169,-159.169,
2.282,-117.7906,-157.7906,
2.2823,-117.5845,-157.5845,
2.2826,-117.7724,-157.7724,
2.2829,-118.4136,-158.4136,
2.2832,-115.8542,-155.8542,
2.2835,-120.4871,-160.4871,
2.2838,-118.9577,-158.9577,
2.2841,-118.7264,-158.7264,
2.2844,-119.6677,-159.6677,
2.2847,-119.1256,-159.1256,
2.285,-120.292,-160.292,
2.2853,-120.0721,-160.0721,
2.2856,-117.6824,-157.6824,
2.2859,-119.08,-159.08,
2.2862,-119.7341,-159.7341,
2.2865,-119.539,-159.539,
2.2868,-118.9466,-158.9466,
2.2871,-119.5997,-159.5997,
2.2874,-118.6914,-158.6914,
2.2877,-118.9507,-158.9507,
2.288,-119.6209,-159.6209,
2.2883,-118.5308,-158.5308,
2.2886,-118.8605,-158.8605,
2.2889,-120.8178,-160.8178,
2.2892,-119.5669,-159.5669,
2.2895,-117.2552,-157.2552,
2.2898,-118.407,-158.407,
2.2901,-118.4123,-158.4123,
2.2904,-117.5166,-157.5166,
2.2907,-120.9147,-160.9147,
2.291,-119.146,-159.146,
2.2913,-119.1635,-159.1635,
2.2916,-119.3435,-159.3435,
2.2919,-118.2291,-158.2291,
2.2922,-119.2386,-159.2386,
2.2925,-119.1586,-159.1586,
2.2928,-118.9946,-158.9946,
2.2931,-118.7126,-158.7126,
2.2934,-119.3063,-159.3063,
2.2937,-119.3126,-159.3126,
2.294,-118.2852,-158.2852,
2.2943,-120.4494,-160.4494,
2.2946,-118.1916,-158.1916,
2.2949,-117.8168,-157.8168,
2.2952,-118.8786,-158.8786,
2.2955,-120.2542,-160.2542,
2.2958,-118.4381,-158.4381,
2.2961,-118.4293,-158.4293,
2.2964,-118.6587,-158.6587,
2.2967,-121.1427,-161.1427,
2.297,-117.0058,-157.0058,
2.2973,-118.866,-158.866,
2.2976,-119.5185,-159.5185,
2.2979,-117.1728,-157.1728,
2.2982,-118.3709,-158.3709,
2.2985,-119.2039,-159.2039,
2.2988,-119.198,-159.198,
2.2991,-118.2411,-158.2411,
2.2994,-117.1559,-157.1559,
2.2997,-119.9148,-159.9148,
2.3,-118.2762,-158.2762,
2.3003,-119.1669,-159.1669,
2.3006,-118.4828,-158.4828,
2.3009,-119.1298,-159.1298,
2.3012,-117.784,-157.784,
2.3015,-119.2528,-159.2528,
2.3018,-118.3871,-158.3871,
2.3021,-118.7911,-158.7911,
2.3024,-117.7924,-157.7924,
2.3027,-117.0726,-157.0726,
2.303,-119.1468,-159.1468,
2.3033,-117.6628,-157.6628,
2.3036,-119.4025,-159.4025,
2.3039,-120.3147,-160.3147,
2.3042,-118.2023,-158.2023,
2.3045,-117.691,-157.691,
2.3048,-117.2101,-157.2101,
2.3051,-119.2677,-159.2677,
2.3054,-119.1491,-159.1491,
2.3057,-120.1095,-160.1095,
2.306,-119.3655,-159.3655,
2.3063,-119.1251,-159.1251,
2.3066,-119.4005,-159.4005,
2.3069,-119.8051,-159.8051,
2.3072,-119.5783,-159.5783,
2.3075,-119.3625,-159.3625,
2.3078,-118.2431,-158.2431,
2.3081,-118.2577,-158.2577,
2.3084,-120.1615,-160.1615,
2.3087,-118.1878,-158.1878,
2.309,-121.2832,-161.2832,
2.3093,-117.9757,-157.9757,
2.3096,-118.6742,-158.6742,
2.3099,-117.851,-157.851,
2.3102,-117.7438,-157.7438,
2.3105,-117.2204,-157.2204,
2.3108,-119.7425,-159.7425,
2.3111,-118.9086,-158.9086,
2.3114,-116.6801,-156.6801,
2.3117,-116.5639,-156.5639,
2.312,-118.7525,-158.7525,
2.3123,-118.3275,-158.3275,
2.3126,-118.6105,-158.6105,
2.3129,-117.9303,-157.9303,
2.3132,-119.1947,-159.1947,
2.3135,-118.3211,-158.3211,
2.3138,-118.7745,-158.7745,
2.3141,-118.4959,-158.4959,
2.3144,-117.2037,-157.2037,
2.3147,-118.141,-158.141,
2.315,-119.2321,-159.2321,
2.3153,-117.6932,-157.6932,
2.3156,-120.455,-160.455,
2.3159,-119.4286,-159.4286,
2.3162,-120.009,-160.009,
2.3165,-118.4321,-158.4321,
2.3168,-119.0247,-159.0247,
2.3171,-120.5917,-160.5917,
2.3174,-118.1457,-158.1457,
2.3177,-118.3078,-158.3078,
2.318,-118.1737,-158.1737,
2.3183,-117.4822,-157.4822,
2.3186,-120.8596,-160.8596,
2.3189,-118.369,-158.369,
2.3192,-118.5419,-158.5419,
2.3195,-118.5052,-158.5052,
2.3198,-118.6192,-158.6192,
2.3201,-118.4999,-158.4999,
2.3204,-118.2713,-158.2713,
2.3207,-118.3714,-158.3714,
2.321,-118.2894,-158.2894,
2.3213,-117.1908,-157.1908,
2.3216,-120.1687,-160.1687,
2.3219,-118.2735,-158.2735,
2.3222,-118.8376,-158.8376,
2.3225,-117.8563,-157.8563,
2.3228,-118.1971,-158.1971,
2.3231,-117.6628,-157.6628,
2.3234,-117.6584,-157.6584,
2.3237,-118.0038,-158.0038,
2.324,-116.4381,-156.4381,
2.3243,-117.2171,-157.2171,
2.3246,-118.2571,-158.2571,
2.3249,-116.0379,-156.0379,
2.3252,-117.0572,-157.0572,
2.3255,-116.392,-156.392,
2.3258,-116.8202,-156.8202,
2.3261,-119.4185,-159.4185,
2.3264,-118.6628,-158.6628,
2.3267,-119.1459,-159.1459,
2.327,-118.1548,-158.1548,
2.3273,-118.7893,-158.7893,
2.3276,-118.7646,-158.7646,
2.3279,-116.8008,-156.8008,
2.3282,-119.3229,-159.3229,
2.3285,-117.4155,-157.4155,
2.3288,-118.7582,-158.7582,
2.3291,-117.619,-157.619,
2.3294,-119.0536,-159.0536,
2.3297,-118.8175,-158.8175,
2.33,-118.6443,-158.6443,
2.3303,-118.1041,-158.1041,
2.3306,-118.166,-158.166,
2.3309,-118.4612,-158.4612,
2.3312,-120.184,-160.184,
2.3315,-119.6894,-159.6894,
2.3318,-117.5083,-157.5083,
2.3321,-119.0295,-159.0295,
2.3324,-119.9809,-159.9809,
2.3327,-119.7577,-159.7577,
2.333,-117.4072,-157.4072,
2.3333,-119.2042,-159.2042,
2.3336,-117.2222,-157.2222,
2.3339,-120.7549,-160.7549,
2.3342,-117.0515,-157.0515,
2.3345,-116.963,-156.963,
2.3348,-118.8215,-158.8215,
2.3351,-119.6795,-159.6795,
2.3354,-120.4632,-160.4632,
2.3357,-117.4235,-157.4235,
2.336,-117.973,-157.973,
2.3363,-119.0506,-159.0506,
2.3366,-119.5066,-159.5066,
2.3369,-118.9744,-158.9744,
2.3372,-118.3702,-158.3702,
2.3375,-118.3888,-158.3888,
2.3378,-118.998,-158.998,
2.3381,-118.2337,-158.2337,
2.3384,-116.2848,-156.2848,
2.3387,-116.8431,-156.8431,
2.339,-117.3911,-157.3911,
2.3393,-117.4095,-157.4095,
2.3396,-117.2072,-157.2072,
2.3399,-118.0854,-158.0854,
2.3402,-119.1997,-159.1997,
2.3405,-120.1152,-160.1152,
2.3408,-120.8249,-160.8249,
2.3411,-119.7078,-159.7078,
2.3414,-119.2813,-159.2813,
2.3417,-118.187,-158.187,
2.342,-119.6184,-159.6184,
2.3423,-119.7543,-159.7543,
2.3426,-117.8001,-157.8001,
2.3429,-119.4135,-159.4135,
2.3432,-118.6667,-158.6667,
2.3435,-117.4621,-157.4621,
2.3438,-119.0853,-159.0853,
2.3441,-119.0205,-159.0205,
2.3444,-118.742,-158.742,
2.3447,-118.2908,-158.2908,
2.345,-118.0867,-158.0867,
2.3453,-116.5459,-156.5459,
2.3456,-118.7878,-158.7878,
2.3459,-119.8338,-159.8338,
2.3462,-117.8322,-157.8322,
2.3465,-117.7795,-157.7795,
2.3468,-118.2145,-158.2145,
2.3471,-118.0732,-158.0732,
2.3474,-118.4449,-158.4449,
2.3477,-118.6278,-158.6278,
2.348,-118.9908,-158.9908,
2.3483,-117.6258,-157.6258,
2.3486,-118.6741,-158.6741,
2.3489,-118.1871,-158.1871,
2.3492,-118.4423,-158.4423,
2.3495,-118.0341,-158.0341,
2.3498,-119.7038,-159.7038,
2.3501,-118.3183,-158.3183,
2.3504,-118.1067,-158.1067,
2.3507,-119.7143,-159.7143,
2.351,-118.533,-158.533,
2.3513,-118.426,-158.426,
2.3516,-118.1163,-158.1163,
2.3519,-118.9652,-158.9652,
2.3522,-117.677,-157.677,
2.3525,-119.2938,-159.2938,
2.3528,-118.0257,-158.0257,
2.3531,-119.1377,-159.1377,
2.3534,-118.8964,-158.8964,
2.3537,-117.2717,-157.2717,
2.354,-116.7147,-156.7147,
2.3543,-117.1422,-157.1422,
2.3546,-117.3329,-157.3329,
2.3549,-119.1053,-159.1053,
2.3552,-116.4323,-156.4323,
2.3555,-118.7951,-158.7951,
2.3558,-119.0932,-159.0932,
2.3561,-117.9434,-157.9434,
2.3564,-117.6617,-157.6617,
2.3567,-118.2891,-158.2891,
2.357,-115.9789,-155.9789,
2.3573,-117.2714,-157.2714,
2.3576,-117.0555,-157.0555,
2.3579,-116.2567,-156.2567,
2.3582,-117.9779,-157.9779,
2.3585,-117.8481,-157.8481,
2.3588,-119.5999,-159.5999,
2.3591,-119.4138,-159.4138,
2.3594,-117.7688,-157.7688,
2.3597,-117.7159,-157.7159,
2.36,-116.9625,-156.9625,
2.3603,-116.5508,-156.5508,
2.3606,-118.1484,-158.1484,
2.3609,-116.7812,-156.7812,
2.3612,-116.754,-156.754,
2.3615,-116.1211,-156.1211,
2.3618,-117.5639,-157.5639,
2.3621,-116.5057,-156.5057,
2.3624,-117.3119,-157.3119,
2.3627,-117.859,-157.859,
2.363,-117.5719,-157.5719,
2.3633,-119.1648,-159.1648,
2.3636,-116.9362,-156.9362,
2.3639,-117.4442,-157.4442,
2.3642,-117.2525,-157.2525,
2.3645,-119.5353,-159.5353,
2.3648,-117.9853,-157.9853,
2.3651,-117.6498,-157.6498,
2.3654,-118.1189,-158.1189,
2.3657,-117.6517,-157.6517,
2.366,-117.3642,-157.3642,
2.3663,-118.1392,-158.1392,
2.3666,-117.573,-157.573,
2.3669,-119.9276,-159.9276,
2.3672,-116.1685,-156.1685,
2.3675,-117.9267,-157.9267,
2.3678,-117.8179,-157.8179,
2.3681,-120.4645,-160.4645,
2.3684,-118.9622,-158.9622,
2.3687,-117.1663,-157.1663,
2.369,-118.5455,-158.5455,
2.3693,-119.9851,-159.9851,
2.3696,-117.3928,-157.3928,
2.3699,-118.7515,-158.7515,
2.3702,-119.7466,-159.7466,
2.3705,-117.6877,-157.6877,
2.3708,-118.7624,-158.7624,
2.3711,-118.0402,-158.0402,
2.3714,-118.479,-158.479,
2.3717,-117.8823,-157.8823,
2.372,-117.7617,-157.7617,
2.3723,-118.6798,-158.6798,
2.3726,-119.4353,-159.4353,
2.3729,-117.938,-157.938,
2.3732,-117.2163,-157.2163,
2.3735,-118.1792,-158.1792,
2.3738,-118.3208,-158.3208,
2.3741,-118.9103,-158.9103,
2.3744,-119.6838,-159.6838,
2.3747,-117.2,-157.2,
2.375,-118.9641,-158.9641,
2.3753,-118.0892,-158.0892,
2.3756,-119.4584,-159.4584,
2.3759,-119.2289,-159.2289,
2.3762,-118.856,-158.856,
2.3765,-116.9429,-156.9429,
2.3768,-117.6042,-157.6042,
2.3771,-118.608,-158.608,
2.3774,-120.3372,-160.3372,
2.3777,-118.8373,-158.8373,
2.378,-118.6305,-158.6305,
2.3783,-118.275,-158.275,
2.3786,-117.0442,-157.0442,
2.3789,-119.7929,-159.7929,
2.3792,-118.9404,-158.9404,
2.3795,-117.6948,-157.6948,
2.3798,-119.2209,-159.2209,
2.3801,-118.3785,-158.3785,
2.3804,-116.0097,-156.0097,
2.3807,-120.1449,-160.1449,
2.381,-119.0555,-159.0555,
2.3813,-117.5165,-157.5165,
2.3816,-117.2246,-157.2246,
2.3819,-118.1518,-158.1518,
2.3822,-118.2993,-158.2993,
2.3825,-118.4177,-158.4177,
2.3828,-117.3313,-157.3313,
2.3831,-116.8132,-156.8132,
2.3834,-119.1064,-159.1064,
2.3837,-118.8728,-158.8728,
2.384,-118.8649,-158.8649,
2.3843,-120.0732,-160.0732,
2.3846,-117.8333,-157.8333,
2.3849,-117.0821,-157.0821,
2.3852,-117.2883,-157.2883,
2.3855,-119.3527,-159.3527,
2.3858,-118.2924,-158.2924,
2.3861,-116.7235,-156.7235,
2.3864,-117.3837,-157.3837,
2.3867,-117.4489,-157.4489,
2.387,-119.6266,-159.6266,
2.3873,-118.4973,-158.4973,
2.3876,-118.0198,-158.0198,
2.3879,-117.386,-157.386,
2.3882,-119.5422,-159.5422,
2.3885,-119.4303,-159.4303,
2.3888,-118.3739,-158.3739,
2.3891,-117.9715,-157.9715,
2.3894,-117.6877,-157.6877,
2.3897,-118.6133,-158.6133,
2.39,-118.5506,-158.5506,
2.3903,-118.8033,-158.8033,
2.3906,-118.0428,-158.0428,
2.3909,-117.9865,-157.9865,
2.3912,-117.7123,-157.7123,
2.3915,-118.5127,-158.5127,
2.3918,-117.4649,-157.4649,
2.3921,-117.6247,-157.6247,
2.3924,-118.299,-158.299,
2.3927,-118.0779,-158.0779,
2.393,-118.7291,-158.7291,
2.3933,-116.2733,-156.2733,
2.3936,-118.6827,-158.6827,
2.3939,-118.4139,-158.4139,
2.3942,-118.4303,-158.4303,
2.3945,-118.1653,-158.1653,
2.3948,-117.9623,-157.9623,
2.3951,-118.2633,-158.2633,
2.3954,-118.6662,-158.6662,
2.3957,-117.4021,-157.4021,
2.396,-116.1114,-156.1114,
2.3963,-117.948,-157.948,
2.3966,-119.7153,-159.7153,
2.3969,-118.3255,-158.3255,
2.3972,-117.8678,-157.8678,
2.3975,-118.6213,-158.6213,
2.3978,-116.4368,-156.4368,
2.3981,-116.7648,-156.7648,
2.3984,-117.9906,-157.9906,
2.3987,-116.8535,-156.8535,
2.399,-117.9225,-157.9225,
2.3993,-118.8594,-158.8594,
2.3996,-115.2542,-155.2542,
2.3999,-116.9505,-156.9505,
2.4002,-116.9226,-156.9226,
2.4005,-116.6404,-156.6404,
2.4008,-118.1094,-158.1094,
2.4011,-116.4299,-156.4299,
2.4014,-117.4819,-157.4819,
2.4017,-115.3222,-155.3222,
2.402,-118.4624,-158.4624,
2.4023,-117.998,-157.998,
2.4026,-116.0846,-156.0846,
2.4029,-116.1377,-156.1377,
2.4032,-117.687,-157.687,
2.4035,-115.9875,-155.9875,
2.4038,-116.9757,-156.9757,
2.4041,-116.3475,-156.3475,
2.4044,-116.7403,-156.7403,
2.4047,-116.3178,-156.3178,
2.405,-118.2715,-158.2715,
2.4053,-118.5981,-158.5981,
2.4056,-118.0192,-158.0192,
2.4059,-117.3787,-157.3787,
2.4062,-119.7224,-159.7224,
2.4065,-118.4933,-158.4933,
2.4068,-117.3884,-157.3884,
2.4071,-117.6145,-157.6145,
2.4074,-119.1616,-159.1616,
2.4077,-119.4723,-159.4723,
2.408,-117.4658,-157.4658,
2.4083,-116.818,-156.818,
2.4086,-117.2921,-157.2921,
2.4089,-117.2075,-157.2075,
2.4092,-118.2938,-158.2938,
2.4095,-118.6887,-158.6887,
2.4098,-118.9451,-158.9451,
2.4101,-119.3786,-159.3786,
2.4104,-118.7368,-158.7368,
2.4107,-116.384,-156.384,
2.411,-117.5399,-157.5399,
2.4113,-120.4733,-160.4733,
2.4116,-118.8462,-158.8462,
2.4119,-118.139,-158.139,
2.4122,-120.6606,-160.6606,
2.4125,-117.4785,-157.4785,
2.4128,-119.3157,-159.3157,
2.4131,-114.369,-154.369,
2.4134,-115.1036,-155.1036,
2.4137,-116.3879,-156.3879,
2.414,-120.3614,-160.3614,
2.4143,-118.5192,-158.5192,
2.4146,-118.4348,-158.4348,
2.4149,-118.3081,-158.3081,
2.4152,-121.4806,-161.4806,
2.4155,-118.7505,-158.7505,
2.4158,-119.7819,-159.7819,
2.4161,-117.2068,-157.2068,
2.4164,-109.8809,-149.8809,
2.4167,-110.6503,-150.6503,
2.417,-117.4558,-157.4558,
2.4173,-118.7788,-158.7788,
2.4176,-118.3022,-158.3022,
2.4179,-117.6389,-157.6389,
2.4182,-118.5552,-158.5552,
2.4185,-118.5053,-158.5053,
2.4188,-119.0692,-159.0692,
2.4191,-120.4712,-160.4712,
2.4194,-117.6956,-157.6956,
2.4197,-117.7083,-157.7083,
2.42,-117.5915,-157.5915,
2.4203,-118.9126,-158.9126,
2.4206,-118.3134,-158.3134,
2.4209,-118.6543,-158.6543,
2.4212,-117.6742,-157.6742,
2.4215,-116.2988,-156.2988,
2.4218,-118.1972,-158.1972,
2.4221,-118.6301,-158.6301,
2.4224,-118.5225,-158.5225,
2.4227,-120.8834,-160.8834,
2.423,-118.5398,-158.5398,
2.4233,-118.8414,-158.8414,
2.4236,-118.4254,-158.4254,
2.4239,-118.9581,-158.9581,
2.4242,-118.6348,-158.6348,
2.4245,-117.2746,-157.2746,
2.4248,-119.5103,-159.5103,
2.4251,-118.3067,-158.3067,
2.4254,-119.8461,-159.8461,
2.4257,-118.0309,-158.0309,
2.426,-117.4706,-157.4706,
2.4263,-118.0959,-158.0959,
2.4266,-118.7268,-158.7268,
2.4269,-116.8791,-156.8791,
2.4272,-117.5558,-157.5558,
2.4275,-117.8287,-157.8287,
2.4278,-118.3394,-158.3394,
2.4281,-116.3556,-156.3556,
2.4284,-118.0725,-158.0725,
2.4287,-116.7079,-156.7079,
2.429,-116.6871,-156.6871,
2.4293,-119.0865,-159.0865,
2.4296,-117.8484,-157.8484,
2.4299,-118.9735,-158.9735,
2.4302,-116.7664,-156.7664,
2.4305,-118.3105,-158.3105,
2.4308,-119.2892,-159.2892,
2.4311,-118.0543,-158.0543,
2.4314,-118.8446,-158.8446,
2.4317,-118.7714,-158.7714,
2.432,-117.4906,-157.4906,
2.4323,-117.107,-157.107,
2.4326,-116.8512,-156.8512,
2.4329,-118.1026,-158.1026,
2.4332,-116.7593,-156.7593,
2.4335,-117.3857,-157.3857,
2.4338,-117.8226,-157.8226,
2.4341,-116.2814,-156.2814,
2.4344,-118.3475,-158.3475,
2.4347,-116.6362,-156.6362,
2.435,-117.861,-157.861,
2.4353,-118.5584,-158.5584,
2.4356,-116.986,-156.986,
2.4359,-118.7643,-158.7643,
2.4362,-118.9374,-158.9374,
2.4365,-115.9613,-155.9613,
2.4368,-117.7638,-157.7638,
2.4371,-118.2096,-158.2096,
2.4374,-116.91,-156.91,
2.4377,-116.7308,-156.7308,
2.438,-117.0484,-157.0484,
2.4383,-117.0224,-157.0224,
2.4386,-115.6365,-155.6365,
2.4389,-116.8697,-156.8697,
2.4392,-116.8847,-156.8847,
2.4395,-118.9397,-158.9397,
2.4398,-114.8999,-154.8999,
2.4401,-118.0584,-158.0584,
2.4404,-117.2264,-157.2264,
2.4407,-118.0508,-158.0508,
2.441,-118.5064,-158.5064,
2.4413,-116.0609,-156.0609,
2.4416,-116.6797,-156.6797,
2.4419,-116.4853,-156.4853,
2.4422,-116.5801,-156.5801,
2.4425,-116.9098,-156.9098,
2.4428,-115.3191,-155.3191,
2.4431,-116.4977,-156.4977,
2.4434,-118.3163,-158.3163,
2.4437,-117.4172,-157.4172,
2.444,-119.1786,-159.1786,
2.4443,-116.2699,-156.2699,
2.4446,-117.6708,-157.6708,
2.4449,-118.4676,-158.4676,
2.4452,-117.3379,-157.3379,
2.4455,-117.8001,-157.8001,
2.4458,-117.4273,-157.4273,
2.4461,-118.3757,-158.3757,
2.4464,-118.7936,-158.7936,
2.4467,-117.3386,-157.3386,
2.447,-116.6056,-156.6056,
2.4473,-119.7021,-159.7021,
2.4476,-117.532,-157.532,
2.4479,-117.1581,-157.1581,
2.4482,-117.859,-157.859,
2.4485,-118.7031,-158.7031,
2.4488,-117.5014,-157.5014,
2.4491,-118.1646,-158.1646,
2.4494,-119.0135,-159.0135,
2.4497,-118.1935,-158.1935,
2.45,-118.3319,-158.3319,
2.4503,-117.1274,-157.1274,
2.4506,-118.9398,-158.9398,
2.4509,-117.2835,-157.2835,
2.4512,-118.4899,-158.4899,
2.4515,-118.344,-158.344,
2.4518,-118.6221,-158.6221,
2.4521,-118.0673,-158.0673,
2.4524,-118.0532,-158.0532,
2.4527,-118.1859,-158.1859,
2.453,-118.9044,-158.9044,
2.4533,-118.3457,-158.3457,
2.4536,-119.5635,-159.5635,
2.4539,-117.7809,-157.7809,
2.4542,-119.3783,-159.3783,
2.4545,-118.5137,-158.5137,
2.4548,-116.7183,-156.7183,
2.4551,-118.017,-158.017,
2.4554,-116.9496,-156.9496,
2.4557,-117.5314,-157.5314,
2.456,-114.625,-154.625,
2.4563,-118.143,-158.143,
2.4566,-116.7665,-156.7665,
2.4569,-115.3536,-155.3536,
2.4572,-113.9964,-153.9964,
2.4575,-114.5896,-154.5896,
2.4578,-114.9952,-154.9952,
2.4581,-114.9061,-154.9061,
2.4584,-117.1679,-157.1679,
2.4587,-118.3878,-158.3878,
2.459,-116.1531,-156.1531,
2.4593,-115.8096,-155.8096,
2.4596,-118.2961,-158.2961,
2.4599,-120.2693,-160.2693,
2.4602,-119.4437,-159.4437,
2.4605,-118.1259,-158.1259,
2.4608,-117.1071,-157.1071,
2.4611,-118.3159,-158.3159,
2.4614,-118.0824,-158.0824,
2.4617,-118.5772,-158.5772,
2.462,-119.3341,-159.3341,
2.4623,-118.0415,-158.0415,
2.4626,-117.9789,-157.9789,
2.4629,-118.3422,-158.3422,
2.4632,-119.0054,-159.0054,
2.4635,-117.7803,-157.7803,
2.4638,-119.8511,-159.8511,
2.4641,-117.1573,-157.1573,
2.4644,-118.9677,-158.9677,
2.4647,-117.812,-157.812,
2.465,-116.2194,-156.2194,
2.4653,-119.0137,-159.0137,
2.4656,-115.5391,-155.5391,
2.4659,-116.8609,-156.8609,
2.4662,-112.2388,-152.2388,
2.4665,-116.5191,-156.5191,
2.4668,-116.6327,-156.6327,
2.4671,-115.4956,-155.4956,
2.4674,-116.6564,-156.6564,
2.4677,-114.8515,-154.8515,
2.468,-113.685,-153.685,
2.4683,-117.1424,-157.1424,
2.4686,-112.394,-152.394,
2.4689,-113.031,-153.031,
2.4692,-111.5566,-151.5566,
2.4695,-114.9442,-154.9442,
2.4698,-114.7247,-154.7247,
2.4701,-116.1519,-156.1519,
2.4704,-116.1932,-156.1932,
2.4707,-113.4263,-153.4263,
2.471,-116.0168,-156.0168,
2.4713,-117.1574,-157.1574,
2.4716,-115.9558,-155.9558,
2.4719,-117.7551,-157.7551,
2.4722,-116.18,-156.18,
2.4725,-117.7889,-157.7889,
2.4728,-116.2533,-156.2533,
2.4731,-116.9128,-156.9128,
2.4734,-116.5482,-156.5482,
2.4737,-116.7381,-156.7381,
2.474,-116.864,-156.864,
2.4743,-117.1597,-157.1597,
2.4746,-117.2929,-157.2929,
2.4749,-117.0344,-157.0344,
2.4752,-115.7195,-155.7195,
2.4755,-117.3128,-157.3128,
2.4758,-116.9939,-156.9939,
2.4761,-117.3244,-157.3244,
2.4764,-115.8803,-155.8803,
2.4767,-116.2534,-156.2534,
2.477,-116.9437,-156.9437,
2.4773,-118.7815,-158.7815,
2.4776,-117.2212,-157.2212,
2.4779,-117.272,-157.272,
2.4782,-116.8254,-156.8254,
2.4785,-116.5911,-156.5911,
2.4788,-117.8317,-157.8317,
2.4791,-116.0473,-156.0473,
2.4794,-116.9301,-156.9301,
2.4797,-112.5316,-152.5316,
2.48,-113.4891,-153.4891,
2.4803,-116.0145,-156.0145,
2.4806,-115.6387,-155.6387,
2.4809,-118.8122,-158.8122,
2.4812,-116.3578,-156.3578,
2.4815,-116.0556,-156.0556,
2.4818,-117.8795,-157.8795,
2.4821,-118.1222,-158.1222,
2.4824,-117.8156,-157.8156,
2.4827,-115.8909,-155.8909,
2.483,-116.8215,-156.8215,
2.4833,-118.1771,-158.1771,
2.4836,-116.8623,-156.8623,
2.4839,-117.1198,-157.1198,
2.4842,-116.8193,-156.8193,
2.4845,-115.468,-155.468,
2.4848,-117.8668,-157.8668,
2.4851,-117.5075,-157.5075,
2.4854,-114.9814,-154.9814,
2.4857,-117.5891,-157.5891,
2.486,-117.3502,-157.3502,
2.4863,-116.2426,-156.2426,
2.4866,-117.902,-157.902,
2.4869,-116.2626,-156.2626,
2.4872,-118.6568,-158.6568,
2.4875,-118.356,-158.356,
2.4878,-119.5158,-159.5158,
2.4881,-118.9263,-158.9263,
2.4884,-117.8259,-157.8259,
2.4887,-117.2695,-157.2695,
2.489,-116.2429,-156.2429,
2.4893,-117.3481,-157.3481,
2.4896,-115.5073,-155.5073,
2.4899,-116.9409,-156.9409,
2.4902,-117.988,-157.988,
2.4905,-116.6572,-156.6572,
2.4908,-119.8964,-159.8964,
2.4911,-117.5112,-157.5112,
2.4914,-117.1304,-157.1304,
2.4917,-116.5116,-156.5116,
2.492,-118.2418,-158.2418,
2.4923,-116.5233,-156.5233,
2.4926,-119.0164,-159.0164,
2.4929,-118.6799,-158.6799,
2.4932,-118.3244,-158.3244,
2.4935,-116.3598,-156.3598,
2.4938,-118.4001,-158.4001,
2.4941,-118.103,-158.103,
2.4944,-118.5775,-158.5775,
2.4947,-117.7379,-157.7379,
2.495,-118.4144,-158.4144,
2.4953,-118.4827,-158.4827,
2.4956,-117.4956,-157.4956,
2.4959,-118.5343,-158.5343,
2.4962,-118.7852,-158.7852,
2.4965,-116.7931,-156.7931,
2.4968,-118.8412,-158.8412,
2.4971,-118.6895,-158.6895,
2.4974,-118.2376,-158.2376,
2.4977,-116.4661,-156.4661,
2.498,-118.4877,-158.4877,
2.4983,-117.7684,-157.7684,
2.4986,-117.3661,-157.3661,
2.4989,-116.7895,-156.7895,
2.4992,-117.4326,-157.4326,
2.4995,-119.2215,-159.2215,
2.4998,-118.1343,-158.1343,
2.5001,-117.0654,-157.0654,
2.5004,-116.7305,-156.7305,
2.5007,-117.6436,-157.6436,
2.501,-118.8702,-158.8702,
2.5013,-117.6356,-157.6356,
2.5016,-117.6773,-157.6773,
2.5019,-118.8053,-158.8053,
2.5022,-116.9711,-156.9711,
2.5025,-118.8456,-158.8456,
2.5028,-118.6383,-158.6383,
2.5031,-117.576,-157.576,
2.5034,-116.1922,-156.1922,
2.5037,-119.3073,-159.3073,
2.504,-116.498,-156.498,
2.5043,-117.9433,-157.9433,
2.5046,-116.8252,-156.8252,
2.5049,-116.8507,-156.8507,
2.5052,-120.3089,-160.3089,
2.5055,-119.8007,-159.8007,
2.5058,-118.0949,-158.0949,
2.5061,-116.8852,-156.8852,
2.5064,-116.2794,-156.2794,
2.5067,-116.2531,-156.2531,
2.507,-118.1196,-158.1196,
2.5073,-118.1144,-158.1144,
2.5076,-118.6485,-158.6485,
2.5079,-115.956,-155.956,
2.5082,-117.3447,-157.3447,
2.5085,-116.8129,-156.8129,
2.5088,-115.907,-155.907,
2.5091,-115.7278,-155.7278,
2.5094,-117.0362,-157.0362,
2.5097,-118.6681,-158.6681,
2.51,-117.188,-157.188,
2.5103,-117.2937,-157.2937,
2.5106,-115.933,-155.933,
2.5109,-116.0528,-156.0528,
2.5112,-117.8334,-157.8334,
2.5115,-118.6459,-158.6459,
2.5118,-116.4775,-156.4775,
2.5121,-117.0816,-157.0816,
2.5124,-116.5616,-156.5616,
2.5127,-117.1084,-157.1084,
2.513,-116.6794,-156.6794,
2.5133,-118.2021,-158.2021,
2.5136,-116.6632,-156.6632,
2.5139,-115.8797,-155.8797,
2.5142,-115.4446,-155.4446,
2.5145,-116.4782,-156.4782,
2.5148,-117.0896,-157.0896,
2.5151,-119.5352,-159.5352,
2.5154,-117.2198,-157.2198,
2.5157,-116.1114,-156.1114,
2.516,-118.0708,-158.0708,
2.5163,-115.8228,-155.8228,
2.5166,-117.3933,-157.3933,
2.5169,-115.3605,-155.3605,
2.5172,-118.3819,-158.3819,
2.5175,-116.9445,-156.9445,
2.5178,-116.3997,-156.3997,
2.5181,-118.175,-158.175,
2.5184,-117.1761,-157.1761,
2.5187,-116.1257,-156.1257,
2.519,-115.4717,-155.4717,
2.5193,-115.8886,-155.8886,
2.5196,-116.7353,-156.7353,
2.5199,-116.8145,-156.8145,
2.5202,-116.1781,-156.1781,
2.5205,-114.3557,-154.3557,
2.5208,-118.5396,-158.5396,
2.5211,-117.3849,-157.3849,
2.5214,-116.1858,-156.1858,
2.5217,-117.0269,-157.0269,
2.522,-116.245,-156.245,
2.5223,-117.9039,-157.9039,
2.5226,-117.0374,-157.0374,
2.5229,-117.7959,-157.7959,
2.5232,-117.1321,-157.1321,
2.5235,-116.7294,-156.7294,
2.5238,-116.7032,-156.7032,
2.5241,-116.8605,-156.8605,
2.5244,-117.7209,-157.7209,
2.5247,-116.3649,-156.3649,
2.525,-116.174,-156.174,
2.5253,-116.0913,-156.0913,
2.5256,-119.6007,-159.6007,
2.5259,-116.2662,-156.2662,
2.5262,-119.0229,-159.0229,
2.5265,-119.2752,-159.2752,
2.5268,-116.1893,-156.1893,
2.5271,-117.2487,-157.2487,
2.5274,-116.8704,-156.8704,
2.5277,-117.5688,-157.5688,
2.528,-118.087,-158.087,
2.5283,-117.629,-157.629,
2.5286,-115.0014,-155.0014,
2.5289,-116.3741,-156.3741,
2.5292,-115.5339,-155.5339,
2.5295,-118.9126,-158.9126,
2.5298,-117.4644,-157.4644,
2.5301,-116.9628,-156.9628,
2.5304,-118.1516,-158.1516,
2.5307,-116.7954,-156.7954,
2.531,-119.3606,-159.3606,
2.5313,-120.3037,-160.3037,
2.5316,-117.1987,-157.1987,
2.5319,-117.6037,-157.6037,
2.5322,-117.4639,-157.4639,
2.5325,-118.4036,-158.4036,
2.5328,-116.3256,-156.3256,
2.5331,-118.8771,-158.8771,
2.5334,-117.7949,-157.7949,
2.5337,-118.005,-158.005,
2.534,-117.6328,-157.6328,
2.5343,-117.4197,-157.4197,
2.5346,-118.5793,-158.5793,
2.5349,-117.6692,-157.6692,
2.5352,-118.1813,-158.1813,
2.5355,-117.679,-157.679,
2.5358,-117.792,-157.792,
2.5361,-116.4766,-156.4766,
2.5364,-117.2286,-157.2286,
2.5367,-118.6677,-158.6677,
2.537,-117.7902,-157.7902,
2.5373,-116.9283,-156.9283,
2.5376,-117.568,-157.568,
2.5379,-117.9855,-157.9855,
2.5382,-117.427,-157.427,
2.5385,-116.2794,-156.2794,
2.5388,-118.2164,-158.2164,
2.5391,-117.9139,-157.9139,
2.5394,-117.7626,-157.7626,
2.5397,-117.2417,-157.2417,
2.54,-118.1901,-158.1901,
2.5403,-117.7531,-157.7531,
2.5406,-116.5364,-156.5364,
2.5409,-117.2268,-157.2268,
2.5412,-117.2054,-157.2054,
2.5415,-119.0211,-159.0211,
2.5418,-117.0016,-157.0016,
2.5421,-117.2654,-157.2654,
2.5424,-116.7239,-156.7239,
2.5427,-117.1334,-157.1334,
2.543,-116.8503,-156.8503,
2.5433,-117.5529,-157.5529,
2.5436,-117.5919,-157.5919,
2.5439,-116.8104,-156.8104,
2.5442,-117.4891,-157.4891,
2.5445,-117.8888,-157.8888,
2.5448,-116.5965,-156.5965,
2.5451,-117.4765,-157.4765,
2.5454,-117.8194,-157.8194,
2.5457,-117.5871,-157.5871,
2.546,-117.603,-157.603,
2.5463,-116.8974,-156.8974,
2.5466,-116.34,-156.34,
2.5469,-118.4889,-158.4889,
2.5472,-117.0139,-157.0139,
2.5475,-116.1208,-156.1208,
2.5478,-116.0016,-156.0016,
2.5481,-115.7914,-155.7914,
2.5484,-116.6997,-156.6997,
2.5487,-117.1374,-157.1374,
2.549,-115.7323,-155.7323,
2.5493,-118.1808,-158.1808,
2.5496,-116.9049,-156.9049,
2.5499,-115.7239,-155.7239,
2.5502,-117.0114,-157.0114,
2.5505,-117.6071,-157.6071,
2.5508,-117.1418,-157.1418,
2.5511,-116.6434,-156.6434,
2.5514,-116.8954,-156.8954,
2.5517,-116.8853,-156.8853,
2.552,-117.287,-157.287,
2.5523,-116.6879,-156.6879,
2.5526,-117.6979,-157.6979,
2.5529,-116.0802,-156.0802,
2.5532,-115.7443,-155.7443,
2.5535,-118.4611,-158.4611,
2.5538,-114.9909,-154.9909,
2.5541,-116.2232,-156.2232,
2.5544,-114.9855,-154.9855,
2.5547,-116.3825,-156.3825,
2.555,-117.4682,-157.4682,
2.5553,-115.7162,-155.7162,
2.5556,-116.5941,-156.5941,
2.5559,-116.376,-156.376,
2.5562,-115.985,-155.985,
2.5565,-115.144,-155.144,
2.5568,-117.0503,-157.0503,
2.5571,-115.2384,-155.2384,
2.5574,-114.4684,-154.4684,
2.5577,-116.5312,-156.5312,
2.558,-115.77,-155.77,
2.5583,-116.4372,-156.4372,
2.5586,-116.487,-156.487,
2.5589,-115.1911,-155.1911,
2.5592,-116.0591,-156.0591,
2.5595,-117.5905,-157.5905,
2.5598,-117.6793,-157.6793,
2.5601,-115.7176,-155.7176,
2.5604,-115.178,-155.178,
2.5607,-115.3643,-155.3643,
2.561,-116.6903,-156.6903,
2.5613,-115.9711,-155.9711,
2.5616,-115.0682,-155.0682,
2.5619,-116.0699,-156.0699,
2.5622,-115.1047,-155.1047,
2.5625,-116.821,-156.821,
2.5628,-117.0801,-157.0801,
2.5631,-116.3627,-156.3627,
2.5634,-116.2516,-156.2516,
2.5637,-115.7971,-155.7971,
2.564,-116.2944,-156.2944,
2.5643,-116.568,-156.568,
2.5646,-114.9112,-154.9112,
2.5649,-117.6965,-157.6965,
2.5652,-116.3261,-156.3261,
2.5655,-115.7401,-155.7401,
2.5658,-115.7925,-155.7925,
2.5661,-116.7278,-156.7278,
2.5664,-116.121,-156.121,
2.5667,-116.0645,-156.0645,
2.567,-118.0635,-158.0635,
2.5673,-116.5746,-156.5746,
2.5676,-117.4121,-157.4121,
2.5679,-114.8495,-154.8495,
2.5682,-115.2118,-155.2118,
2.5685,-116.6203,-156.6203,
2.5688,-119.1418,-159.1418,
2.5691,-117.6827,-157.6827,
2.5694,-116.8741,-156.8741,
2.5697,-116.3829,-156.3829,
2.57,-118.9276,-158.9276,
2.5703,-116.4667,-156.4667,
2.5706,-115.7093,-155.7093,
2.5709,-116.4227,-156.4227,
2.5712,-116.2634,-156.2634,
2.5715,-114.2414,-154.2414,
2.5718,-116.642,-156.642,
2.5721,-115.5871,-155.5871,
2.5724,-115.8584,-155.8584,
2.5727,-114.8791,-154.8791,
2.573,-115.1264,-155.1264,
2.5733,-117.2526,-157.2526,
2.5736,-115.5531,-155.5531,
2.5739,-118.8215,-158.8215,
2.5742,-117.7347,-157.7347,
2.5745,-116.9884,-156.9884,
2.5748,-116.1793,-156.1793,
2.5751,-116.7785,-156.7785,
2.5754,-117.0265,-157.0265,
2.5757,-115.6579,-155.6579,
2.576,-115.7869,-155.7869,
2.5763,-116.4313,-156.4313,
2.5766,-115.7947,-155.7947,
2.5769,-115.973,-155.973,
2.5772,-115.197,-155.197,
2.5775,-115.4057,-155.4057,
2.5778,-116.9881,-156.9881,
2.5781,-115.8403,-155.8403,
2.5784,-114.0948,-154.0948,
2.5787,-116.0359,-156.0359,
2.579,-115.0802,-155.0802,
2.5793,-114.5481,-154.5481,
2.5796,-116.9267,-156.9267,
2.5799,-116.0597,-156.0597,
2.5802,-115.9135,-155.9135,
2.5805,-114.0171,-154.0171,
2.5808,-115.5958,-155.5958,
2.5811,-115.4846,-155.4846,
2.5814,-114.4624,-154.4624,
2.5817,-116.7535,-156.7535,
2.582,-115.2321,-155.2321,
2.5823,-113.7178,-153.7178,
2.5826,-115.7808,-155.7808,
2.5829,-115.3185,-155.3185,
2.5832,-114.7737,-154.7737,
2.5835,-114.5476,-154.5476,
2.5838,-113.9791,-153.9791,
2.5841,-114.6067,-154.6067,
2.5844,-113.1536,-153.1536,
2.5847,-113.7564,-153.7564,
2.585,-115.1226,-155.1226,
2.5853,-114.1472,-154.1472,
2.5856,-114.5039,-154.5039,
2.5859,-113.7941,-153.7941,
2.5862,-113.4801,-153.4801,
2.5865,-113.7438,-153.7438,
2.5868,-114.236,-154.236,
2.5871,-116.6911,-156.6911,
2.5874,-114.239,-154.239,
2.5877,-114.509,-154.509,
2.588,-112.9128,-152.9128,
2.5883,-114.2719,-154.2719,
2.5886,-114.3044,-154.3044,
2.5889,-113.77,-153.77,
2.5892,-113.0128,-153.0128,
2.5895,-113.8985,-153.8985,
2.5898,-110.4193,-150.4193,
2.5901,-110.6277,-150.6277,
2.5904,-113.1747,-153.1747,
2.5907,-111.6343,-151.6343,
2.591,-113.2247,-153.2247,
2.5913,-111.5842,-151.5842,
2.5916,-112.8412,-152.8412,
2.5919,-112.0055,-152.0055,
2.5922,-110.7639,-150.7639,
2.5925,-112.0792,-152.0792,
2.5928,-110.5539,-150.5539,
2.5931,-109.0226,-149.0226,
2.5934,-112.1529,-152.1529,
2.5937,-110.7764,-150.7764,
2.594,-109.8773,-149.8773,
2.5943,-110.2311,-150.2311,
2.5946,-110.3544,-150.3544,
2.5949,-110.7215,-150.7215,
2.5952,-110.3777,-150.3777,
2.5955,-111.2921,-151.2921,
2.5958,-110.8437,-150.8437,
2.5961,-109.1056,-149.1056,
2.5964,-110.2115,-150.2115,
2.5967,-109.7519,-149.7519,
2.597,-110.3892,-150.3892,
2.5973,-109.7538,-149.7538,
2.5976,-108.8669,-148.8669,
2.5979,-110.3702,-150.3702,
2.5982,-109.6499,-149.6499,
2.5985,-108.3763,-148.3763,
2.5988,-109.5878,-149.5878,
2.5991,-111.0302,-151.0302,
2.5994,-107.7034,-147.7034,
2.5997,-109.2014,-149.2014,
2.6,-108.1987,-148.1987,
2.6003,-109.6531,-149.6531,
2.6006,-109.1392,-149.1392,
2.6009,-107.5325,-147.5325,
2.6012,-108.263,-148.263,
2.6015,-108.1001,-148.1001,
2.6018,-108.0717,-148.0717,
2.6021,-107.5747,-147.5747,
2.6024,-106.6447,-146.6447,
2.6027,-105.7996,-145.7996,
2.603,-107.4954,-147.4954,
2.6033,-106.2848,-146.2848,
2.6036,-106.8118,-146.8118,
2.6039,-106.5377,-146.5377,
2.6042,-106.1601,-146.1601,
2.6045,-108.1497,-148.1497,
2.6048,-107.3178,-147.3178,
2.6051,-106.1988,-146.1988,
2.6054,-106.7308,-146.7308,
2.6057,-106.2208,-146.2208,
2.606,-107.5323,-147.5323,
2.6063,-106.9123,-146.9123,
2.6066,-106.5006,-146.5006,
2.6069,-104.9287,-144.9287,
2.6072,-106.119,-146.119,
2.6075,-106.1243,-146.1243,
2.6078,-106.5373,-146.5373,
2.6081,-107.0131,-147.0131,
2.6084,-105.8363,-145.8363,
2.6087,-107.262,-147.262,
2.609,-106.9199,-146.9199,
2.6093,-105.3667,-145.3667,
2.6096,-103.159,-143.159,
2.6099,-106.1889,-146.1889,
2.6102,-106.1533,-146.1533,
2.6105,-105.3631,-145.3631,
2.6108,-105.3678,-145.3678,
2.6111,-105.3328,-145.3328,
2.6114,-104.0459,-144.0459,
2.6117,-106.6939,-146.6939,
2.612,-104.9884,-144.9884,
2.6123,-106.1823,-146.1823,
2.6126,-104.8475,-144.8475,
2.6129,-104.7994,-144.7994,
2.6132,-106.3854,-146.3854,
2.6135,-103.4336,-143.4336,
2.6138,-104.1367,-144.1367,
2.6141,-103.0978,-143.0978,
2.6144,-102.8499,-142.8499,
2.6147,-103.6333,-143.6333,
2.615,-102.5954,-142.5954,
2.6153,-103.9853,-143.9853,
2.6156,-104.3332,-144.3332,
2.6159,-105.4823,-145.4823,
2.6162,-105.3619,-145.3619,
2.6165,-103.17,-143.17,
2.6168,-103.9573,-143.9573,
2.6171,-103.6862,-143.6862,
2.6174,-103.697,-143.697,
2.6177,-102.666,-142.666,
2.618,-102.111,-142.111,
2.6183,-103.4938,-143.4938,
2.6186,-101.9239,-141.9239,
2.6189,-102.1273,-142.1273,
2.6192,-104.2687,-144.2687,
2.6195,-104.9466,-144.9466,
2.6198,-102.1305,-142.1305,
2.6201,-102.1094,-142.1094,
2.6204,-101.4844,-141.4844,
2.6207,-103.6695,-143.6695,
2.621,-101.2193,-141.2193,
2.6213,-103.0178,-143.0178,
2.6216,-101.9849,-141.9849,
2.6219,-103.3057,-143.3057,
2.6222,-101.6236,-141.6236,
2.6225,-102.5185,-142.5185,
2.6228,-100.3995,-140.3995,
2.6231,-101.6695,-141.6695,
2.6234,-101.2782,-141.2782,
2.6237,-102.1148,-142.1148,
2.624,-101.4955,-141.4955,
2.6243,-102.6582,-142.6582,
2.6246,-101.3174,-141.3174,
2.6249,-99.8657,-139.8657,
2.6252,-102.6802,-142.6802,
2.6255,-102.3214,-142.3214,
2.6258,-103.5641,-143.5641,
2.6261,-102.1017,-142.1017,
2.6264,-101.9842,-141.9842,
2.6267,-100.6664,-140.6664,
2.627,-100.136,-140.136,
2.6273,-102.3738,-142.3738,
2.6276,-99.2231,-139.2231,
2.6279,-99.7878,-139.7878,
2.6282,-99.9571,-139.9571,
2.6285,-101.9953,-141.9953,
2.6288,-100.8475,-140.8475,
2.6291,-100.9284,-140.9284,
2.6294,-99.4671,-139.4671,
2.6297,-101.2925,-141.2925,
2.63,-100.019,-140.019,
2.6303,-100.7205,-140.7205,
2.6306,-100.6441,-140.6441,
2.6309,-99.3324,-139.3324,
2.6312,-100.7801,-140.7801,
2.6315,-102.0609,-142.0609,
2.6318,-100.6434,-140.6434,
2.6321,-101.8408,-141.8408,
2.6324,-101.143,-141.143,
2.6327,-99.6935,-139.6935,
2.633,-100.6204,-140.6204,
2.6333,-101.1813,-141.1813,
2.6336,-99.8311,-139.8311,
2.6339,-100.3046,-140.3046,
2.6342,-100.7234,-140.7234,
2.6345,-100.0443,-140.0443,
2.6348,-99.4022,-139.4022,
2.6351,-99.3304,-139.3304,
2.6354,-100.121,-140.121,
2.6357,-99.0404,-139.0404,
2.636,-98.661,-138.661,
2.6363,-101.3777,-141.3777,
2.6366,-99.9843,-139.9843,
2.6369,-100.8154,-140.8154,
2.6372,-100.0046,-140.0046,
2.6375,-99.4295,-139.4295,
2.6378,-100.2174,-140.2174,
2.6381,-99.8965,-139.8965,
2.6384,-100.8905,-140.8905,
2.6387,-100.2907,-140.2907,
2.639,-99.3464,-139.3464,
2.6393,-100.595,-140.595,
2.6396,-99.9126,-139.9126,
2.6399,-99.5657,-139.5657,
2.6402,-98.8375,-138.8374,
2.6405,-99.4357,-139.4357,
2.6408,-100.7734,-140.7734,
2.6411,-98.9203,-138.9203,
2.6414,-99.4311,-139.4311,
2.6417,-99.7055,-139.7055,
2.642,-101.007,-141.007,
2.6423,-99.7535,-139.7535,
2.6426,-101.6422,-141.6422,
2.6429,-99.3766,-139.3766,
2.6432,-100.0875,-140.0875,
2.6435,-100.5154,-140.5154,
2.6438,-99.8729,-139.8729,
2.6441,-101.1529,-141.1529,
2.6444,-100.454,-140.454,
2.6447,-99.6634,-139.6634,
2.645,-100.528,-140.528,
2.6453,-100.4071,-140.4071,
2.6456,-97.9093,-137.9093,
2.6459,-99.5014,-139.5014,
2.6462,-101.6137,-141.6137,
2.6465,-99.5105,-139.5105,
2.6468,-100.2269,-140.2269,
2.6471,-99.3103,-139.3103,
2.6474,-101.0986,-141.0986,
2.6477,-99.5843,-139.5843,
2.648,-100.7416,-140.7416,
2.6483,-99.8271,-139.8271,
2.6486,-100.712,-140.712,
2.6489,-99.0443,-139.0443,
2.6492,-97.7802,-137.7802,
2.6495,-99.4867,-139.4867,
2.6498,-98.8402,-138.8402,
2.6501,-99.2448,-139.2448,
2.6504,-99.0655,-139.0655,
2.6507,-99.8132,-139.8132,
2.651,-99.1455,-139.1455,
2.6513,-100.4447,-140.4447,
2.6516,-99.3396,-139.3396,
2.6519,-99.4906,-139.4906,
2.6522,-101.0669,-141.0669,
2.6525,-99.6725,-139.6725,
2.6528,-100.1851,-140.1851,
2.6531,-98.8032,-138.8032,
2.6534,-97.8513,-137.8513,
2.6537,-100.1542,-140.1542,
2.654,-99.2348,-139.2348,
2.6543,-100.5713,-140.5713,
2.6546,-102.0994,-142.0994,
2.6549,-99.6962,-139.6962,
2.6552,-98.8196,-138.8196,
2.6555,-99.5433,-139.5433,
2.6558,-99.0085,-139.0085,
2.6561,-99.2907,-139.2907,
2.6564,-99.0877,-139.0877,
2.6567,-101.0727,-141.0727,
2.657,-100.1821,-140.1821,
2.6573,-100.6893,-140.6893,
2.6576,-98.9183,-138.9183,
2.6579,-101.3751,-141.3751,
2.6582,-97.7124,-137.7124,
2.6585,-98.5003,-138.5003,
2.6588,-101.8405,-141.8405,
2.6591,-99.1228,-139.1228,
2.6594,-100.3424,-140.3424,
2.6597,-97.9326,-137.9326,
2.66,-101.388,-141.388,
2.6603,-99.2926,-139.2926,
2.6606,-100.4658,-140.4658,
2.6609,-97.8662,-137.8662,
2.6612,-99.9917,-139.9917,
2.6615,-100.5548,-140.5548,
2.6618,-98.4972,-138.4972,
2.6621,-99.4592,-139.4592,
2.6624,-100.0588,-140.0588,
2.6627,-98.6418,-138.6418,
2.663,-99.0217,-139.0217,
2.6633,-99.0166,-139.0166,
2.6636,-98.8655,-138.8655,
2.6639,-98.4893,-138.4893,
2.6642,-101.072,-141.072,
2.6645,-98.6736,-138.6736,
2.6648,-99.1564,-139.1564,
2.6651,-99.1017,-139.1017,
2.6654,-99.7849,-139.7849,
2.6657,-99.1398,-139.1398,
2.666,-99.4184,-139.4184,
2.6663,-102.0233,-142.0233,
2.6666,-99.3233,-139.3233,
2.6669,-101.9233,-141.9233,
2.6672,-98.1438,-138.1438,
2.6675,-99.9371,-139.9371,
2.6678,-101.7147,-141.7147,
2.6681,-101.0217,-141.0217,
2.6684,-98.9954,-138.9954,
2.6687,-98.8449,-138.8449,
2.669,-99.7956,-139.7955,
2.6693,-99.7546,-139.7546,
2.6696,-101.131,-141.131,
2.6699,-100.1983,-140.1983,
2.6702,-98.0085,-138.0085,
2.6705,-98.829,-138.829,
2.6708,-101.3497,-141.3497,
2.6711,-100.9184,-140.9184,
2.6714,-98.6391,-138.6391,
2.6717,-100.2417,-140.2417,
2.672,-101.3327,-141.3327,
2.6723,-100.1182,-140.1182,
2.6726,-100.3694,-140.3694,
2.6729,-100.2614,-140.2614,
2.6732,-98.9868,-138.9868,
2.6735,-100.3819,-140.3819,
2.6738,-100.4233,-140.4233,
2.6741,-99.2886,-139.2886,
2.6744,-100.026,-140.026,
2.6747,-97.6119,-137.6119,
2.675,-101.0908,-141.0908,
2.6753,-99.0807,-139.0807,
2.6756,-98.1514,-138.1514,
2.6759,-99.0886,-139.0886,
2.6762,-100.127,-140.127,
2.6765,-99.6119,-139.6119,
2.6768,-100.9341,-140.9341,
2.6771,-101.2299,-141.2299,
2.6774,-99.8952,-139.8952,
2.6777,-100.5023,-140.5023,
2.678,-99.8269,-139.8269,
2.6783,-101.2038,-141.2038,
2.6786,-99.9643,-139.9643,
2.6789,-97.6467,-137.6467,
2.6792,-100.6718,-140.6718,
2.6795,-99.7572,-139.7572,
2.6798,-100.7905,-140.7905,
2.6801,-101.543,-141.543,
2.6804,-101.4175,-141.4175,
2.6807,-101.801,-141.801,
2.681,-101.2181,-141.2181,
2.6813,-99.4049,-139.4049,
2.6816,-101.275,-141.275,
2.6819,-99.0616,-139.0616,
2.6822,-99.3554,-139.3554,
2.6825,-100.7554,-140.7554,
2.6828,-99.8603,-139.8603,
2.6831,-99.9576,-139.9576,
2.6834,-100.5654,-140.5654,
2.6837,-99.7113,-139.7113,
2.684,-100.0125,-140.0125,
2.6843,-100.3644,-140.3644,
2.6846,-99.5474,-139.5474,
2.6849,-99.2293,-139.2293,
2.6852,-99.7683,-139.7683,
2.6855,-99.1207,-139.1207,
2.6858,-100.5572,-140.5572,
2.6861,-99.7296,-139.7296,
2.6864,-99.1957,-139.1957,
2.6867,-100.1837,-140.1837,
2.687,-100.8327,-140.8327,
2.6873,-100.9024,-140.9024,
2.6876,-100.7363,-140.7363,
2.6879,-100.2679,-140.2679,
2.6882,-97.6891,-137.6891,
2.6885,-100.8925,-140.8925,
2.6888,-100.5354,-140.5354,
2.6891,-101.8839,-141.8839,
2.6894,-100.1594,-140.1594,
2.6897,-100.8354,-140.8354,
2.69,-98.9761,-138.9761,
2.6903,-100.128,-140.128,
2.6906,-100.088,-140.088,
2.6909,-100.6844,-140.6844,
2.6912,-100.7791,-140.7791,
2.6915,-101.5961,-141.5961,
2.6918,-101.2197,-141.2197,
2.6921,-101.0362,-141.0362,
2.6924,-98.5384,-138.5385,
2.6927,-101.594,-141.594,
2.693,-98.7947,-138.7947,
2.6933,-102.3116,-142.3116,
2.6936,-99.0639,-139.0639,
2.6939,-99.4266,-139.4266,
2.6942,-99.5688,-139.5688,
2.6945,-102.4366,-142.4366,
2.6948,-100.8925,-140.8925,
2.6951,-100.756,-140.756,
2.6954,-101.3301,-141.3301,
2.6957,-100.9725,-140.9725,
2.696,-100.174,-140.174,
2.6963,-100.1833,-140.1833,
2.6966,-99.0683,-139.0683,
2.6969,-100.4296,-140.4296,
2.6972,-100.4812,-140.4812,
2.6975,-99.9096,-139.9096,
2.6978,-100.4853,-140.4853,
2.6981,-100.3241,-140.3241,
2.6984,-99.1709,-139.1709,
2.6987,-101.8558,-141.8558,
2.699,-101.2476,-141.2476,
2.6993,-101.3231,-141.3231,
2.6996,-101.2491,-141.2491,
2.6999,-101.4584,-141.4584,
2.7002,-99.4496,-139.4496,
2.7005,-99.383,-139.383,
2.7008,-100.4035,-140.4035,
2.7011,-100.8382,-140.8382,
2.7014,-98.8463,-138.8463,
2.7017,-101.5218,-141.5218,
2.702,-99.8921,-139.8921,
2.7023,-100.0449,-140.0449,
2.7026,-100.8233,-140.8233,
2.7029,-99.1649,-139.1649,
2.7032,-100.2615,-140.2615,
2.7035,-100.2869,-140.2869,
2.7038,-102.9073,-142.9073,
2.7041,-101.9482,-141.9482,
2.7044,-99.6578,-139.6578,
2.7047,-100.4995,-140.4995,
2.705,-101.0859,-141.0859,
2.7053,-101.8702,-141.8702,
2.7056,-101.7342,-141.7342,
2.7059,-99.3487,-139.3487,
2.7062,-101.5886,-141.5886,
2.7065,-102.0067,-142.0067,
2.7068,-101.9208,-141.9208,
2.7071,-102.022,-142.022,
2.7074,-99.9229,-139.9229,
2.7077,-101.5939,-141.5939,
2.708,-103.2255,-143.2255,
2.7083,-102.9545,-142.9545,
2.7086,-102.8518,-142.8518,
2.7089,-100.8168,-140.8168,
2.7092,-100.6738,-140.6738,
2.7095,-102.536,-142.536,
2.7098,-101.7057,-141.7057,
2.7101,-100.2521,-140.2521,
2.7104,-102.2555,-142.2555,
2.7107,-100.8481,-140.8481,
2.711,-101.0727,-141.0727,
2.7113,-101.177,-141.177,
2.7116,-101.0529,-141.0529,
2.7119,-100.3497,-140.3497,
2.7122,-100.315,-140.315,
2.7125,-102.1571,-142.1571,
2.7128,-101.1907,-141.1907,
2.7131,-100.5172,-140.5172,
2.7134,-100.6264,-140.6264,
2.7137,-101.5625,-141.5625,
2.714,-101.6635,-141.6635,
2.7143,-100.4193,-140.4193,
2.7146,-100.8911,-140.8911,
2.7149,-100.3942,-140.3942,
2.7152,-100.8581,-140.8581,
2.7155,-101.9503,-141.9503,
2.7158,-99.1461,-139.1461,
2.7161,-99.3636,-139.3636,
2.7164,-101.3908,-141.3908,
2.7167,-101.3038,-141.3038,
2.717,-101.7233,-141.7233,
2.7173,-99.9884,-139.9884,
2.7176,-101.4615,-141.4615,
2.7179,-99.9791,-139.9791,
2.7182,-101.1903,-141.1903,
2.7185,-100.5869,-140.5869,
2.7188,-99.9976,-139.9976,
2.7191,-101.9262,-141.9262,
2.7194,-101.7748,-141.7748,
2.7197,-101.5227,-141.5227,
2.72,-103.3973,-143.3973,
2.7203,-101.8838,-141.8838,
2.7206,-100.1951,-140.1951,
2.7209,-101.2721,-141.2721,
2.7212,-101.5442,-141.5442,
2.7215,-100.4007,-140.4007,
2.7218,-100.3142,-140.3142,
2.7221,-101.1429,-141.1429,
2.7224,-101.2033,-141.2033,
2.7227,-99.8752,-139.8752,
2.723,-102.3954,-142.3954,
2.7233,-101.1057,-141.1057,
2.7236,-102.1002,-142.1002,
2.7239,-100.7435,-140.7435,
2.7242,-99.9085,-139.9085,
2.7245,-100.587,-140.587,
2.7248,-101.4657,-141.4657,
2.7251,-101.5124,-141.5124,
2.7254,-101.9692,-141.9692,
2.7257,-101.2509,-141.2509,
2.726,-102.3223,-142.3223,
2.7263,-103.58,-143.58,
2.7266,-100.1637,-140.1637,
2.7269,-99.3577,-139.3577,
2.7272,-102.4663,-142.4663,
2.7275,-100.7106,-140.7106,
2.7278,-102.4076,-142.4076,
2.7281,-102.0546,-142.0546,
2.7284,-99.4903,-139.4903,
2.7287,-101.9348,-141.9348,
2.729,-101.5073,-141.5073,
2.7293,-101.1503,-141.1503,
2.7296,-101.121,-141.121,
2.7299,-101.1527,-141.1527,
2.7302,-100.7115,-140.7115,
2.7305,-102.5738,-142.5738,
2.7308,-99.928,-139.928,
2.7311,-100.0811,-140.0811,
2.7314,-101.1852,-141.1852,
2.7317,-101.0746,-141.0746,
2.732,-101.4197,-141.4197,
2.7323,-100.6418,-140.6418,
2.7326,-100.9815,-140.9815,
2.7329,-100.9847,-140.9847,
2.7332,-101.2565,-141.2565,
2.7335,-100.121,-140.121,
2.7338,-102.0108,-142.0108,
2.7341,-101.4727,-141.4727,
2.7344,-100.3702,-140.3702,
2.7347,-101.6874,-141.6874,
2.735,-101.3558,-141.3558,
2.7353,-100.3526,-140.3526,
2.7356,-102.1121,-142.1121,
2.7359,-100.022,-140.022,
2.7362,-98.9237,-138.9237,
2.7365,-98.4707,-138.4707,
2.7368,-100.8167,-140.8167,
2.7371,-99.7267,-139.7267,
2.7374,-101.7888,-141.7888,
2.7377,-100.1741,-140.1741,
2.738,-102.7727,-142.7727,
2.7383,-100.0826,-140.0826,
2.7386,-101.0336,-141.0336,
2.7389,-100.7184,-140.7184,
2.7392,-101.0201,-141.0201,
2.7395,-100.5517,-140.5517,
2.7398,-100.3281,-140.3281,
2.7401,-100.8324,-140.8324,
2.7404,-100.9509,-140.9509,
2.7407,-100.5853,-140.5853,
2.741,-100.5077,-140.5077,
2.7413,-100.59,-140.59,
2.7416,-99.0257,-139.0257,
2.7419,-100.0355,-140.0355,
2.7422,-100.3703,-140.3703,
2.7425,-99.6908,-139.6908,
2.7428,-101.4171,-141.4171,
2.7431,-102.174,-142.174,
2.7434,-99.943,-139.943,
2.7437,-101.745,-141.745,
2.744,-101.2218,-141.2218,
2.7443,-101.3421,-141.3421,
2.7446,-98.589,-138.589,
2.7449,-98.8885,-138.8885,
2.7452,-99.7778,-139.7778,
2.7455,-102.3607,-142.3607,
2.7458,-100.8111,-140.8111,
2.7461,-101.0975,-141.0975,
2.7464,-99.3313,-139.3313,
2.7467,-99.1232,-139.1232,
2.747,-100.5837,-140.5837,
2.7473,-99.3688,-139.3688,
2.7476,-100.0463,-140.0463,
2.7479,-101.6307,-141.6307,
2.7482,-102.2904,-142.2904,
2.7485,-97.6911,-137.6911,
2.7488,-99.7111,-139.7111,
2.7491,-100.4662,-140.4662,
2.7494,-100.2893,-140.2893,
2.7497,-99.3839,-139.3839,
2.75,-100.6142,-140.6142,
2.7503,-101.7358,-141.7358,
2.7506,-99.2153,-139.2153,
2.7509,-100.8994,-140.8994,
2.7512,-100.1544,-140.1544,
2.7515,-100.6644,-140.6644,
2.7518,-100.4557,-140.4557,
2.7521,-100.2058,-140.2058,
2.7524,-99.9769,-139.9769,
2.7527,-98.9131,-138.9131,
2.753,-101.0871,-141.0871,
2.7533,-99.5189,-139.5189,
2.7536,-98.9488,-138.9488,
2.7539,-99.517,-139.517,
2.7542,-102.6303,-142.6303,
2.7545,-97.6239,-137.6239,
2.7548,-99.9759,-139.9759,
2.7551,-100.8339,-140.8339,
2.7554,-100.2014,-140.2014,
2.7557,-99.1049,-139.1049,
2.756,-98.4016,-138.4016,
2.7563,-100.5317,-140.5317,
2.7566,-100.5215,-140.5215,
2.7569,-100.1367,-140.1367,
2.7572,-99.3154,-139.3154,
2.7575,-99.4246,-139.4246,
2.7578,-99.6919,-139.6918,
2.7581,-100.7852,-140.7852,
2.7584,-99.8156,-139.8156,
2.7587,-99.9,-139.9,
2.759,-98.6309,-138.6309,
2.7593,-100.2115,-140.2115,
2.7596,-100.3604,-140.3604,
2.7599,-99.1239,-139.1239,
2.7602,-99.812,-139.812,
2.7605,-101.2587,-141.2587,
2.7608,-100.7138,-140.7138,
2.7611,-100.8399,-140.8399,
2.7614,-99.5265,-139.5265,
2.7617,-100.1217,-140.1217,
2.762,-100.072,-140.072,
2.7623,-100.1323,-140.1323,
2.7626,-101.1041,-141.1041,
2.7629,-101.0518,-141.0518,
2.7632,-100.3861,-140.3861,
2.7635,-100.9022,-140.9022,
2.7638,-100.3535,-140.3535,
2.7641,-101.3886,-141.3886,
2.7644,-99.0657,-139.0657,
2.7647,-100.1894,-140.1894,
2.765,-101.0782,-141.0782,
2.7653,-99.6303,-139.6302,
2.7656,-99.7408,-139.7408,
2.7659,-98.6461,-138.6461,
2.7662,-98.1623,-138.1623,
2.7665,-99.5089,-139.5089,
2.7668,-99.0094,-139.0094,
2.7671,-100.5847,-140.5847,
2.7674,-98.7691,-138.7691,
2.7677,-98.8594,-138.8594,
2.768,-99.9833,-139.9833,
2.7683,-99.2274,-139.2274,
2.7686,-99.6673,-139.6673,
2.7689,-99.5834,-139.5834,
2.7692,-99.5725,-139.5725,
2.7695,-100.3486,-140.3486,
2.7698,-100.4409,-140.4409,
2.7701,-99.4616,-139.4616,
2.7704,-100.3488,-140.3488,
2.7707,-99.1363,-139.1363,
2.771,-98.7499,-138.7499,
2.7713,-100.3145,-140.3145,
2.7716,-100.0602,-140.0602,
2.7719,-101.5292,-141.5292,
2.7722,-101.3804,-141.3804,
2.7725,-98.8962,-138.8962,
2.7728,-99.2331,-139.233,
2.7731,-102.904,-142.904,
2.7734,-99.7909,-139.7909,
2.7737,-99.1437,-139.1438,
2.774,-101.0524,-141.0524,
2.7743,-101.0145,-141.0145,
2.7746,-97.9748,-137.9748,
2.7749,-101.6749,-141.6749,
2.7752,-98.2621,-138.2621,
2.7755,-98.9999,-138.9999,
2.7758,-100.1096,-140.1096,
2.7761,-100.4251,-140.4251,
2.7764,-99.0035,-139.0035,
2.7767,-99.4927,-139.4927,
2.777,-97.013,-137.013,
2.7773,-99.4437,-139.4437,
2.7776,-101.5057,-141.5057,
2.7779,-99.8096,-139.8096,
2.7782,-99.5739,-139.5739,
2.7785,-98.781,-138.781,
2.7788,-99.4518,-139.4518,
2.7791,-98.6056,-138.6056,
2.7794,-99.0936,-139.0936,
2.7797,-99.8914,-139.8914,
2.78,-98.9664,-138.9664,
2.7803,-101.1405,-141.1405,
2.7806,-100.1379,-140.1379,
2.7809,-98.8257,-138.8257,
2.7812,-98.4885,-138.4885,
2.7815,-98.912,-138.912,
2.7818,-99.2144,-139.2144,
2.7821,-99.6449,-139.6449,
2.7824,-99.1127,-139.1127,
2.7827,-96.9385,-136.9385,
2.783,-100.8798,-140.8798,
2.7833,-99.0873,-139.0873,
2.7836,-98.2349,-138.2349,
2.7839,-101.0509,-141.0509,
2.7842,-101.965,-141.965,
2.7845,-99.4949,-139.4949,
2.7848,-97.9768,-137.9768,
2.7851,-98.3869,-138.3869,
2.7854,-100.4055,-140.4055,
2.7857,-100.0171,-140.0171,
2.786,-98.5281,-138.5281,
2.7863,-99.702,-139.702,
2.7866,-98.1666,-138.1666,
2.7869,-98.8496,-138.8496,
2.7872,-101.4242,-141.4242,
2.7875,-99.4445,-139.4445,
2.7878,-99.9937,-139.9937,
2.7881,-99.9741,-139.9742,
2.7884,-98.8862,-138.8862,
2.7887,-99.9191,-139.9191,
2.789,-101.2337,-141.2337,
2.7893,-97.3393,-137.3393,
2.7896,-100.6385,-140.6385,
2.7899,-99.4658,-139.4658,
2.7902,-100.3024,-140.3024,
2.7905,-99.0734,-139.0734,
2.7908,-100.3021,-140.3021,
2.7911,-99.0872,-139.0872,
2.7914,-98.0506,-138.0506,
2.7917,-99.0428,-139.0428,
2.792,-98.6821,-138.6821,
2.7923,-98.8632,-138.8632,
2.7926,-98.4422,-138.4422,
2.7929,-98.0856,-138.0856,
2.7932,-98.9951,-138.9951,
2.7935,-98.1645,-138.1644,
2.7938,-99.6556,-139.6556,
2.7941,-99.6169,-139.6169,
2.7944,-97.9775,-137.9775,
2.7947,-97.1023,-137.1023,
2.795,-99.0379,-139.0379,
2.7953,-97.9776,-137.9776,
2.7956,-98.9594,-138.9594,
2.7959,-99.4499,-139.4499,
2.7962,-97.221,-137.221,
2.7965,-99.2945,-139.2945,
2.7968,-99.7202,-139.7202,
2.7971,-99.3618,-139.3618,
2.7974,-99.8746,-139.8746,
2.7977,-99.2025,-139.2025,
2.798,-98.2906,-138.2906,
2.7983,-99.566,-139.566,
2.7986,-97.5763,-137.5763,
2.7989,-99.6122,-139.6122,
2.7992,-99.8174,-139.8174,
2.7995,-97.8563,-137.8563,
2.7998,-98.3736,-138.3736,
2.8001,-100.056,-140.056,
2.8004,-98.9782,-138.9782,
2.8007,-97.7381,-137.738,
2.801,-98.8152,-138.8152,
2.8013,-97.6231,-137.6231,
2.8016,-98.1168,-138.1168,
2.8019,-100.1352,-140.1352,
2.8022,-99.1042,-139.1042,
2.8025,-98.5774,-138.5774,
2.8028,-98.4806,-138.4806,
2.8031,-98.3091,-138.3091,
2.8034,-99.2849,-139.2849,
2.8037,-99.6779,-139.678,
2.804,-99.2078,-139.2078,
2.8043,-100.6768,-140.6768,
2.8046,-98.0438,-138.0438,
2.8049,-98.9826,-138.9826,
2.8052,-98.6152,-138.6152,
2.8055,-99.4676,-139.4676,
2.8058,-99.0083,-139.0083,
2.8061,-99.1448,-139.1448,
2.8064,-97.7199,-137.7199,
2.8067,-100.8047,-140.8047,
2.807,-99.5317,-139.5317,
2.8073,-99.4733,-139.4733,
2.8076,-99.7845,-139.7845,
2.8079,-99.0918,-139.0918,
2.8082,-100.5289,-140.5289,
2.8085,-99.2637,-139.2637,
2.8088,-97.8385,-137.8385,
2.8091,-99.7945,-139.7945,
2.8094,-99.4677,-139.4676,
2.8097,-97.9647,-137.9647,
2.81,-99.7186,-139.7186,
2.8103,-99.6658,-139.6658,
2.8106,-98.6406,-138.6406,
2.8109,-100.1132,-140.1132,
2.8112,-100.1162,-140.1162,
2.8115,-97.757,-137.757,
2.8118,-98.6235,-138.6235,
2.8121,-98.6713,-138.6713,
2.8124,-99.2006,-139.2006,
2.8127,-98.5194,-138.5194,
2.813,-101.688,-141.688,
2.8133,-97.4311,-137.4311,
2.8136,-101.051,-141.051,
2.8139,-98.8346,-138.8346,
2.8142,-98.1529,-138.1529,
2.8145,-101.339,-141.339,
2.8148,-99.4867,-139.4867,
2.8151,-100.9395,-140.9395,
2.8154,-99.8155,-139.8155,
2.8157,-98.4595,-138.4595,
2.816,-99.089,-139.089,
2.8163,-99.7822,-139.7822,
2.8166,-99.2765,-139.2765,
2.8169,-98.0125,-138.0125,
2.8172,-99.9872,-139.9872,
2.8175,-99.8201,-139.8202,
2.8178,-99.1233,-139.1233,
2.8181,-97.7492,-137.7492,
2.8184,-100.9192,-140.9192,
2.8187,-99.2211,-139.2211,
2.819,-100.359,-140.359,
2.8193,-100.2014,-140.2014,
2.8196,-99.4675,-139.4675,
2.8199,-98.0328,-138.0328,
2.8202,-99.3396,-139.3396,
2.8205,-101.5241,-141.5241,
2.8208,-100.3764,-140.3764,
2.8211,-99.0921,-139.0921,
2.8214,-100.5097,-140.5097,
2.8217,-99.9291,-139.9291,
2.822,-100.0487,-140.0487,
2.8223,-98.75,-138.75,
2.8226,-100.2505,-140.2505,
2.8229,-100.6393,-140.6393,
2.8232,-97.2977,-137.2977,
2.8235,-98.2687,-138.2687,
2.8238,-100.8076,-140.8076,
2.8241,-99.4434,-139.4434,
2.8244,-100.1562,-140.1562,
2.8247,-100.3073,-140.3073,
2.825,-99.1603,-139.1603,
2.8253,-99.8117,-139.8117,
2.8256,-100.4957,-140.4957,
2.8259,-97.6105,-137.6105,
2.8262,-101.4695,-141.4695,
2.8265,-100.7026,-140.7026,
2.8268,-100.3413,-140.3413,
2.8271,-99.8871,-139.8871,
2.8274,-98.7116,-138.7116,
2.8277,-100.9465,-140.9465,
2.828,-99.6049,-139.6049,
2.8283,-100.3124,-140.3124,
2.8286,-100.12,-140.12,
2.8289,-100.0724,-140.0724,
2.8292,-98.6833,-138.6833,
2.8295,-100.7239,-140.7239,
2.8298,-99.5896,-139.5896,
2.8301,-101.0846,-141.0846,
2.8304,-99.7797,-139.7797,
2.8307,-100.4642,-140.4642,
2.831,-99.6765,-139.6765,
2.8313,-100.5161,-140.5161,
2.8316,-102.2588,-142.2588,
2.8319,-99.2525,-139.2525,
2.8322,-100.6572,-140.6572,
2.8325,-99.2511,-139.2511,
2.8328,-99.2894,-139.2894,
2.8331,-99.8606,-139.8606,
2.8334,-99.1095,-139.1095,
2.8337,-99.5923,-139.5923,
2.834,-100.7693,-140.7693,
2.8343,-99.6798,-139.6798,
2.8346,-99.1855,-139.1855,
2.8349,-99.9276,-139.9276,
2.8352,-99.7046,-139.7046,
2.8355,-99.7385,-139.7385,
2.8358,-100.1627,-140.1627,
2.8361,-100.2713,-140.2713,
2.8364,-99.49,-139.49,
2.8367,-100.708,-140.708,
2.837,-100.0285,-140.0285,
2.8373,-99.8134,-139.8134,
2.8376,-99.1947,-139.1947,
2.8379,-100.3713,-140.3713,
2.8382,-99.956,-139.956,
2.8385,-99.4834,-139.4834,
2.8388,-99.0388,-139.0388,
2.8391,-100.0932,-140.0932,
2.8394,-99.7691,-139.7691,
2.8397,-99.0584,-139.0584,
2.84,-101.2416,-141.2416,
2.8403,-100.407,-140.407,
2.8406,-101.508,-141.508,
2.8409,-100.8425,-140.8425,
2.8412,-101.2397,-141.2397,
2.8415,-101.049,-141.049,
2.8418,-98.5957,-138.5958,
2.8421,-100.515,-140.515,
2.8424,-99.9836,-139.9836,
2.8427,-99.9663,-139.9663,
2.843,-100.6353,-140.6353,
2.8433,-100.9535,-140.9535,
2.8436,-99.1974,-139.1974,
2.8439,-100.3962,-140.3962,
2.8442,-99.0984,-139.0984,
2.8445,-101.2529,-141.2529,
2.8448,-100.9876,-140.9876,
2.8451,-101.32,-141.32,
2.8454,-101.1358,-141.1358,
2.8457,-101.4304,-141.4304,
2.846,-101.4289,-141.4289,
2.8463,-100.5047,-140.5047,
2.8466,-100.5903,-140.5903,
2.8469,-100.4155,-140.4155,
2.8472,-99.8682,-139.8682,
2.8475,-99.9461,-139.9461,
2.8478,-99.6386,-139.6386,
2.8481,-100.774,-140.774,
2.8484,-100.1412,-140.1412,
2.8487,-100.2828,-140.2828,
2.849,-99.6694,-139.6694,
2.8493,-100.1542,-140.1542,
2.8496,-102.0461,-142.0461,
2.8499,-100.7427,-140.7427,
2.8502,-100.09,-140.09,
2.8505,-99.1298,-139.1298,
2.8508,-101.9739,-141.9739,
2.8511,-101.0341,-141.0341,
2.8514,-100.3955,-140.3955,
2.8517,-99.5442,-139.5442,
2.852,-101.793,-141.793,
2.8523,-100.1171,-140.1171,
2.8526,-101.4616,-141.4616,
2.8529,-101.5887,-141.5887,
2.8532,-101.6893,-141.6893,
2.8535,-101.7868,-141.7868,
2.8538,-100.3757,-140.3757,
2.8541,-100.2947,-140.2947,
2.8544,-100.8058,-140.8058,
2.8547,-100.1998,-140.1998,
2.855,-100.2011,-140.2011,
2.8553,-99.9963,-139.9963,
2.8556,-99.201,-139.201,
2.8559,-100.0194,-140.0194,
2.8562,-100.7871,-140.7871,
2.8565,-100.1848,-140.1848,
2.8568,-101.4522,-141.4522,
2.8571,-100.3892,-140.3892,
2.8574,-100.1416,-140.1416,
2.8577,-100.7862,-140.7862,
2.858,-100.1714,-140.1714,
2.8583,-100.3078,-140.3078,
2.8586,-100.8401,-140.8401,
2.8589,-101.4695,-141.4695,
2.8592,-100.063,-140.063,
2.8595,-99.7872,-139.7872,
2.8598,-100.3123,-140.3123,
2.8601,-100.6302,-140.6302,
2.8604,-99.2843,-139.2843,
2.8607,-100.5777,-140.5777,
2.861,-101.6513,-141.6513,
2.8613,-101.2472,-141.2472,
2.8616,-101.2765,-141.2765,
2.8619,-100.4089,-140.4089,
2.8622,-100.6714,-140.6714,
2.8625,-100.2886,-140.2886,
2.8628,-101.4414,-141.4414,
2.8631,-100.3949,-140.3949,
2.8634,-98.8818,-138.8818,
2.8637,-100.5743,-140.5743,
2.864,-99.8299,-139.8299,
2.8643,-101.9354,-141.9354,
2.8646,-102.5111,-142.5111,
2.8649,-99.7845,-139.7845,
2.8652,-100.5695,-140.5695,
2.8655,-99.6885,-139.6884,
2.8658,-100.1252,-140.1252,
2.8661,-98.9565,-138.9565,
2.8664,-100.4847,-140.4847,
2.8667,-99.2169,-139.2169,
2.867,-101.3854,-141.3854,
2.8673,-101.0281,-141.0281,
2.8676,-100.0173,-140.0173,
2.8679,-99.933,-139.933,
2.8682,-99.3643,-139.3643,
2.8685,-100.5504,-140.5504,
2.8688,-99.4632,-139.4632,
2.8691,-101.1564,-141.1564,
2.8694,-100.361,-140.361,
2.8697,-101.6834,-141.6834,
2.87,-101.0055,-141.0055,
2.8703,-99.1887,-139.1887,
2.8706,-99.2526,-139.2526,
2.8709,-99.8727,-139.8727,
2.8712,-100.1131,-140.1131,
2.8715,-99.8501,-139.8501,
2.8718,-99.5659,-139.5659,
2.8721,-100.6878,-140.6878,
2.8724,-101.1753,-141.1753,
2.8727,-101.9078,-141.9078,
2.873,-100.1064,-140.1064,
2.8733,-100.8106,-140.8106,
2.8736,-98.7748,-138.7748,
2.8739,-100.3865,-140.3865,
2.8742,-101.1044,-141.1044,
2.8745,-100.4076,-140.4076,
2.8748,-101.0189,-141.0189,
2.8751,-101.308,-141.308,
2.8754,-100.416,-140.416,
2.8757,-99.9312,-139.9312,
2.876,-100.121,-140.121,
2.8763,-102.1712,-142.1712,
2.8766,-101.0635,-141.0635,
2.8769,-99.6944,-139.6944,
2.8772,-100.1271,-140.1271,
2.8775,-100.9726,-140.9726,
2.8778,-100.758,-140.758,
2.8781,-101.2933,-141.2933,
2.8784,-101.1695,-141.1695,
2.8787,-100.9139,-140.9139,
2.879,-101.4675,-141.4675,
2.8793,-99.3732,-139.3732,
2.8796,-98.0052,-138.0052,
2.8799,-101.4924,-141.4924,
2.8802,-100.2996,-140.2996,
2.8805,-100.5634,-140.5634,
2.8808,-100.7232,-140.7232,
2.8811,-99.9368,-139.9368,
2.8814,-101.1832,-141.1832,
2.8817,-99.2625,-139.2625,
2.882,-100.0342,-140.0342,
2.8823,-100.4735,-140.4735,
2.8826,-100.9393,-140.9393,
2.8829,-101.3337,-141.3337,
2.8832,-98.7909,-138.7909,
2.8835,-100.5355,-140.5355,
2.8838,-98.9691,-138.9692,
2.8841,-100.9547,-140.9547,
2.8844,-100.0987,-140.0987,
2.8847,-99.6686,-139.6686,
2.885,-100.107,-140.107,
2.8853,-97.9636,-137.9636,
2.8856,-100.1621,-140.1621,
2.8859,-99.5322,-139.5322,
2.8862,-99.2139,-139.2139,
2.8865,-99.1263,-139.1263,
2.8868,-99.3731,-139.3731,
2.8871,-101.9387,-141.9387,
2.8874,-101.2921,-141.2921,
2.8877,-100.7519,-140.7519,
2.888,-99.8499,-139.8499,
2.8883,-99.6485,-139.6485,
2.8886,-98.2475,-138.2475,
2.8889,-101.1603,-141.1603,
2.8892,-99.3983,-139.3983,
2.8895,-100.5871,-140.5871,
2.8898,-100.5652,-140.5652,
2.8901,-100.1425,-140.1425,
2.8904,-99.7867,-139.7867,
2.8907,-100.1762,-140.1762,
2.891,-101.5228,-141.5228,
2.8913,-100.2321,-140.2321,
2.8916,-101.8047,-141.8047,
2.8919,-99.4958,-139.4958,
2.8922,-99.0877,-139.0877,
2.8925,-101.2728,-141.2728,
2.8928,-99.2011,-139.2011,
2.8931,-101.1567,-141.1567,
2.8934,-99.4443,-139.4443,
2.8937,-99.926,-139.926,
2.894,-100.0978,-140.0978,
2.8943,-100.3023,-140.3023,
2.8946,-99.6306,-139.6306,
2.8949,-100.7421,-140.7421,
2.8952,-99.9805,-139.9805,
2.8955,-100.4873,-140.4873,
2.8958,-99.8824,-139.8824,
2.8961,-99.5396,-139.5396,
2.8964,-101.4851,-141.4851,
2.8967,-100.2175,-140.2175,
2.897,-99.6968,-139.6968,
2.8973,-99.788,-139.788,
2.8976,-98.4371,-138.4371,
2.8979,-100.2243,-140.2243,
2.8982,-99.1645,-139.1645,
2.8985,-101.4665,-141.4665,
2.8988,-101.4866,-141.4866,
2.8991,-100.7894,-140.7894,
2.8994,-99.5372,-139.5372,
2.8997,-100.4727,-140.4727,
2.9,-99.469,-139.469,
2.9003,-101.4571,-141.4571,
2.9006,-99.1195,-139.1195,
2.9009,-98.4645,-138.4645,
2.9012,-99.1491,-139.1491,
2.9015,-99.7524,-139.7524,
2.9018,-99.4694,-139.4694,
2.9021,-100.08,-140.08,
2.9024,-100.8489,-140.8489,
2.9027,-100.0269,-140.0269,
2.903,-99.4781,-139.4781,
2.9033,-99.2337,-139.2337,
2.9036,-99.8925,-139.8925,
2.9039,-100.5853,-140.5853,
2.9042,-100.1649,-140.1649,
2.9045,-99.3459,-139.3459,
2.9048,-100.4623,-140.4623,
2.9051,-98.9417,-138.9417,
2.9054,-99.1433,-139.1433,
2.9057,-99.623,-139.623,
2.906,-98.7674,-138.7674,
2.9063,-99.8019,-139.8019,
2.9066,-100.0839,-140.0839,
2.9069,-98.7938,-138.7938,
2.9072,-101.3374,-141.3374,
2.9075,-101.4078,-141.4078,
2.9078,-99.8589,-139.8589,
2.9081,-98.0773,-138.0773,
2.9084,-98.4477,-138.4477,
2.9087,-99.2726,-139.2726,
2.909,-101.2207,-141.2207,
2.9093,-98.3128,-138.3128,
2.9096,-98.5515,-138.5515,
2.9099,-99.5172,-139.5172,
2.9102,-98.8115,-138.8115,
2.9105,-97.9446,-137.9445,
2.9108,-101.407,-141.407,
2.9111,-98.3059,-138.3059,
2.9114,-99.6093,-139.6093,
2.9117,-99.7882,-139.7882,
2.912,-100.3448,-140.3448,
2.9123,-99.087,-139.087,
2.9126,-98.9845,-138.9845,
2.9129,-98.4407,-138.4407,
2.9132,-99.3657,-139.3657,
2.9135,-98.6474,-138.6474,
2.9138,-100.147,-140.147,
2.9141,-100.4155,-140.4155,
2.9144,-98.3138,-138.3138,
2.9147,-100.8701,-140.8701,
2.915,-101.11,-141.11,
2.9153,-98.8939,-138.8939,
2.9156,-99.4294,-139.4294,
2.9159,-100.5463,-140.5463,
2.9162,-98.6927,-138.6927,
2.9165,-98.313,-138.313,
2.9168,-100.6731,-140.6731,
2.9171,-99.7313,-139.7313,
2.9174,-98.8218,-138.8218,
2.9177,-99.8212,-139.8212,
2.918,-99.6715,-139.6715,
2.9183,-98.2489,-138.2489,
2.9186,-99.6724,-139.6724,
2.9189,-97.308,-137.308,
2.9192,-100.4715,-140.4715,
2.9195,-100.3975,-140.3975,
2.9198,-99.6153,-139.6153,
2.9201,-99.7566,-139.7566,
2.9204,-99.3291,-139.3291,
2.9207,-99.7269,-139.7269,
2.921,-99.5214,-139.5214,
2.9213,-98.2955,-138.2955,
2.9216,-99.0042,-139.0042,
2.9219,-98.8133,-138.8133,
2.9222,-98.5127,-138.5127,
2.9225,-97.9954,-137.9954,
2.9228,-99.7341,-139.7341,
2.9231,-98.9951,-138.9951,
2.9234,-99.4689,-139.4689,
2.9237,-100.0863,-140.0863,
2.924,-100.4415,-140.4415,
2.9243,-100.3019,-140.3019,
2.9246,-99.1459,-139.1459,
2.9249,-99.2844,-139.2844,
2.9252,-99.627,-139.627,
2.9255,-100.4544,-140.4544,
2.9258,-99.9045,-139.9045,
2.9261,-100.1247,-140.1247,
2.9264,-100.3349,-140.3349,
2.9267,-99.0613,-139.0613,
2.927,-99.3667,-139.3667,
2.9273,-98.4186,-138.4186,
2.9276,-99.545,-139.545,
2.9279,-100.9075,-140.9075,
2.9282,-97.8909,-137.8909,
2.9285,-99.9735,-139.9735,
2.9288,-98.8685,-138.8685,
2.9291,-99.2792,-139.2792,
2.9294,-100.1019,-140.1019,
2.9297,-100.171,-140.171,
2.93,-99.5297,-139.5297,
2.9303,-99.36,-139.36,
2.9306,-98.2776,-138.2776,
2.9309,-98.3575,-138.3575,
2.9312,-98.7419,-138.7419,
2.9315,-99.6601,-139.6601,
2.9318,-98.454,-138.454,
2.9321,-98.7184,-138.7184,
2.9324,-98.272,-138.272,
2.9327,-98.3865,-138.3865,
2.933,-98.4061,-138.4061,
2.9333,-100.1849,-140.1849,
2.9336,-100.9793,-140.9793,
2.9339,-99.626,-139.626,
2.9342,-98.5942,-138.5942,
2.9345,-98.279,-138.279,
2.9348,-100.0661,-140.0661,
2.9351,-98.1531,-138.1531,
2.9354,-98.5357,-138.5357,
2.9357,-99.4149,-139.4149,
2.936,-99.1342,-139.1343,
2.9363,-100.6067,-140.6067,
2.9366,-101.431,-141.431,
2.9369,-100.8589,-140.8589,
2.9372,-99.9727,-139.9727,
2.9375,-99.9274,-139.9274,
2.9378,-99.3632,-139.3632,
2.9381,-100.3016,-140.3016,
2.9384,-98.5574,-138.5574,
2.9387,-98.9061,-138.9061,
2.939,-99.1654,-139.1654,
2.9393,-99.1583,-139.1583,
2.9396,-98.5105,-138.5105,
2.9399,-99.0448,-139.0448,
2.9402,-99.5893,-139.5893,
2.9405,-100.978,-140.978,
2.9408,-98.39,-138.39,
2.9411,-99.3015,-139.3015,
2.9414,-100.9095,-140.9095,
2.9417,-98.5782,-138.5782,
2.942,-100.1538,-140.1538,
2.9423,-99.0615,-139.0615,
2.9426,-99.1932,-139.1932,
2.9429,-99.2516,-139.2516,
2.9432,-98.0089,-138.0089,
2.9435,-98.7561,-138.7561,
2.9438,-96.484,-136.484,
2.9441,-99.4252,-139.4252,
2.9444,-100.6044,-140.6044,
2.9447,-97.5032,-137.5032,
2.945,-101.5129,-141.5129,
2.9453,-99.0468,-139.0468,
2.9456,-98.3822,-138.3822,
2.9459,-98.4731,-138.4731,
2.9462,-99.7722,-139.7722,
2.9465,-98.8659,-138.8659,
2.9468,-98.7913,-138.7913,
2.9471,-99.1728,-139.1728,
2.9474,-99.0687,-139.0686,
2.9477,-98.4302,-138.4302,
2.948,-99.4119,-139.4119,
2.9483,-99.0476,-139.0476,
2.9486,-100.0127,-140.0127,
2.9489,-98.9853,-138.9853,
2.9492,-97.9455,-137.9455,
2.9495,-98.7714,-138.7714,
2.9498,-98.8822,-138.8822,
2.9501,-98.1871,-138.1871,
2.9504,-101.1127,-141.1127,
2.9507,-99.4359,-139.4359,
2.951,-98.6458,-138.6458,
2.9513,-98.399,-138.399,
2.9516,-96.1632,-136.1632,
2.9519,-98.3066,-138.3066,
2.9522,-99.5719,-139.5719,
2.9525,-100.5899,-140.5899,
2.9528,-98.2434,-138.2434,
2.9531,-98.4703,-138.4703,
2.9534,-98.6727,-138.6727,
2.9537,-99.7161,-139.7161,
2.954,-98.7128,-138.7128,
2.9543,-98.9042,-138.9042,
2.9546,-99.5819,-139.5819,
2.9549,-97.6768,-137.6768,
2.9552,-99.6051,-139.6051,
2.9555,-98.9805,-138.9805,
2.9558,-97.7737,-137.7737,
2.9561,-98.0727,-138.0727,
2.9564,-98.8738,-138.8738,
2.9567,-100.0977,-140.0977,
2.957,-98.6267,-138.6267,
2.9573,-97.5386,-137.5386,
2.9576,-97.9496,-137.9495,
2.9579,-100.4917,-140.4917,
2.9582,-97.6288,-137.6288,
2.9585,-100.433,-140.433,
2.9588,-98.3916,-138.3916,
2.9591,-99.2201,-139.2201,
2.9594,-98.3279,-138.3279,
2.9597,-99.0193,-139.0193,
2.96,-99.0724,-139.0724,
2.9603,-98.0975,-138.0975,
2.9606,-99.7735,-139.7735,
2.9609,-99.0505,-139.0505,
2.9612,-98.3988,-138.3988,
2.9615,-98.4138,-138.4138,
2.9618,-100.0944,-140.0944,
2.9621,-100.3151,-140.3151,
2.9624,-98.3345,-138.3345,
2.9627,-99.7543,-139.7543,
2.963,-98.0078,-138.0078,
2.9633,-99.892,-139.892,
2.9636,-98.8167,-138.8167,
2.9639,-99.4058,-139.4058,
2.9642,-99.3978,-139.3978,
2.9645,-98.3454,-138.3454,
2.9648,-98.9029,-138.9029,
2.9651,-97.7823,-137.7824,
2.9654,-99.5743,-139.5743,
2.9657,-98.6983,-138.6983,
2.966,-97.6513,-137.6513,
2.9663,-99.7445,-139.7445,
2.9666,-99.1012,-139.1012,
2.9669,-100.7775,-140.7775,
2.9672,-99.0507,-139.0507,
2.9675,-97.8853,-137.8853,
2.9678,-98.5297,-138.5297,
2.9681,-99.7754,-139.7754,
2.9684,-99.2318,-139.2318,
2.9687,-100.6887,-140.6887,
2.969,-96.9001,-136.9001,
2.9693,-98.5826,-138.5826,
2.9696,-100.5841,-140.5841,
2.9699,-99.924,-139.9239,
2.9702,-100.3832,-140.3832,
2.9705,-99.3859,-139.3859,
2.9708,-97.5767,-137.5767,
2.9711,-99.7826,-139.7826,
2.9714,-98.7467,-138.7467,
2.9717,-98.99,-138.99,
2.972,-99.6925,-139.6925,
2.9723,-100.8831,-140.8831,
2.9726,-100.2794,-140.2794,
2.9729,-97.8134,-137.8134,
2.9732,-100.2575,-140.2575,
2.9735,-99.2426,-139.2426,
2.9738,-99.0913,-139.0913,
2.9741,-97.3246,-137.3246,
2.9744,-100.1814,-140.1814,
2.9747,-100.0494,-140.0494,
2.975,-99.0404,-139.0404,
2.9753,-99.4849,-139.4849,
2.9756,-100.0842,-140.0842,
2.9759,-98.6892,-138.6892,
2.9762,-97.342,-137.342,
2.9765,-100.4581,-140.4581,
2.9768,-100.3094,-140.3094,
2.9771,-100.0426,-140.0426,
2.9774,-99.5935,-139.5935,
2.9777,-98.4989,-138.4989,
2.978,-99.6772,-139.6772,
2.9783,-98.3111,-138.3111,
2.9786,-100.3828,-140.3828,
2.9789,-97.8846,-137.8846,
2.9792,-99.6548,-139.6549,
2.9795,-99.9678,-139.9678,
2.9798,-98.2578,-138.2578,
2.9801,-98.752,-138.752,
2.9804,-98.9032,-138.9032,
2.9807,-98.7892,-138.7892,
2.981,-99.9993,-139.9993,
2.9813,-99.595,-139.595,
2.9816,-99.8579,-139.8579,
2.9819,-98.1974,-138.1974,
2.9822,-99.1656,-139.1656,
2.9825,-99.3205,-139.3205,
2.9828,-98.1374,-138.1374,
2.9831,-100.2708,-140.2708,
2.9834,-98.766,-138.766,
2.9837,-100.4957,-140.4957,
2.984,-98.6296,-138.6296,
2.9843,-97.9824,-137.9824,
2.9846,-98.4822,-138.4822,
2.9849,-98.5241,-138.5241,
2.9852,-100.628,-140.628,
2.9855,-98.0152,-138.0152,
2.9858,-99.4054,-139.4054,
2.9861,-97.7702,-137.7702,
2.9864,-99.1399,-139.1399,
2.9867,-98.3745,-138.3745,
2.987,-98.1315,-138.1315,
2.9873,-97.6763,-137.6763,
2.9876,-99.2784,-139.2784,
2.9879,-98.9364,-138.9364,
2.9882,-99.4728,-139.4728,
2.9885,-97.9377,-137.9377,
2.9888,-100.2791,-140.2791,
2.9891,-98.1703,-138.1703,
2.9894,-98.5511,-138.5511,
2.9897,-100.4011,-140.4011,
2.99,-101.4949,-141.4949,
2.9903,-100.1336,-140.1336,
2.9906,-99.1228,-139.1228,
2.9909,-98.9572,-138.9572,
2.9912,-100.1384,-140.1384,
2.9915,-98.0785,-138.0785,
2.9918,-99.4256,-139.4256,
2.9921,-100.4355,-140.4355,
2.9924,-98.2259,-138.2259,
2.9927,-99.9138,-139.9138,
2.993,-97.8479,-137.8479,
2.9933,-98.4726,-138.4726,
2.9936,-98.5854,-138.5854,
2.9939,-100.6804,-140.6804,
2.9942,-99.0979,-139.0979,
2.9945,-99.1204,-139.1204,
2.9948,-100.9136,-140.9136,
2.9951,-98.0171,-138.0171,
2.9954,-99.7975,-139.7975,
2.9957,-101.295,-141.295,
2.996,-100.2329,-140.2329,
2.9963,-98.9023,-138.9023,
2.9966,-99.8984,-139.8984,
2.9969,-99.159,-139.159,
2.9972,-100.2862,-140.2862,
2.9975,-97.6471,-137.6471,
2.9978,-98.5127,-138.5127,
2.9981,-99.6328,-139.6328,
2.9984,-100.1227,-140.1227,
2.9987,-98.2262,-138.2262,
2.999,-102.101,-142.101,
2.9993,-99.9302,-139.9302,
2.9996,-100.0876,-140.0876,
2.9999,-100.3113,-140.3113,
3.0002,-98.5886,-138.5886,
3.0005,-99.3758,-139.3758,
3.0008,-100.5635,-140.5635,
3.0011,-99.6367,-139.6367,
3.0014,-99.4714,-139.4714,
3.0017,-100.0095,-140.0095,
3.002,-98.4526,-138.4526,
3.0023,-99.3637,-139.3637,
3.0026,-99.4442,-139.4442,
3.0029,-99.9294,-139.9294,
3.0032,-100.9894,-140.9894,
3.0035,-100.5235,-140.5235,
3.0038,-98.2504,-138.2504,
3.0041,-98.3593,-138.3593,
3.0044,-101.4094,-141.4094,
3.0047,-100.3938,-140.3938,
3.005,-99.4235,-139.4235,
3.0053,-100.1861,-140.1861,
3.0056,-98.3148,-138.3148,
3.0059,-99.8545,-139.8545,
3.0062,-97.973,-137.973,
3.0065,-100.5866,-140.5866,
3.0068,-100.0755,-140.0755,
3.0071,-98.6307,-138.6307,
3.0074,-98.6212,-138.6212,
3.0077,-98.115,-138.115,
3.008,-99.2643,-139.2643,
3.0083,-99.6184,-139.6184,
3.0086,-100.0474,-140.0474,
3.0089,-98.6111,-138.6111,
3.0092,-100.8032,-140.8032,
3.0095,-97.9235,-137.9235,
3.0098,-99.6413,-139.6413,
3.0101,-98.9494,-138.9494,
3.0104,-99.8085,-139.8085,
3.0107,-97.601,-137.601,
3.011,-99.2278,-139.2278,
3.0113,-97.3659,-137.3659,
3.0116,-99.3164,-139.3164,
3.0119,-100.6244,-140.6244,
3.0122,-98.6508,-138.6508,
3.0125,-99.7656,-139.7656,
3.0128,-99.8448,-139.8448,
3.0131,-98.4942,-138.4942,
3.0134,-99.0385,-139.0385,
3.0137,-99.1324,-139.1324,
3.014,-99.2292,-139.2292,
3.0143,-97.7792,-137.7792,
3.0146,-98.3958,-138.3958,
3.0149,-99.3903,-139.3903,
3.0152,-97.8996,-137.8996,
3.0155,-99.2323,-139.2323,
3.0158,-100.431,-140.431,
3.0161,-100.0895,-140.0895,
3.0164,-100.0714,-140.0714,
3.0167,-99.2857,-139.2857,
3.017,-97.9978,-137.9978,
3.0173,-99.5454,-139.5454,
3.0176,-98.485,-138.485,
3.0179,-100.0365,-140.0365,
3.0182,-99.1411,-139.1411,
3.0185,-100.2847,-140.2847,
3.0188,-99.6386,-139.6386,
3.0191,-100.1836,-140.1836,
3.0194,-98.5959,-138.5959,
3.0197,-100.3246,-140.3246,
3.02,-98.1698,-138.1698,
3.0203,-98.2333,-138.2333,
3.0206,-100.8548,-140.8548,
3.0209,-99.7643,-139.7643,
3.0212,-99.4969,-139.4969,
3.0215,-99.4707,-139.4707,
3.0218,-97.298,-137.298,
3.0221,-98.7116,-138.7116,
3.0224,-100.5703,-140.5703,
3.0227,-101.1426,-141.1426,
3.023,-99.1532,-139.1532,
3.0233,-99.5508,-139.5508,
3.0236,-100.5338,-140.5338,
3.0239,-97.8895,-137.8895,
3.0242,-99.5268,-139.5268,
3.0245,-99.1587,-139.1587,
3.0248,-100.5748,-140.5748,
3.0251,-99.0742,-139.0742,
3.0254,-99.7421,-139.7421,
3.0257,-100.7165,-140.7165,
3.026,-99.8822,-139.8822,
3.0263,-99.6341,-139.6341,
3.0266,-97.9617,-137.9617,
3.0269,-98.4461,-138.4461,
3.0272,-98.7912,-138.7912,
3.0275,-99.5406,-139.5406,
3.0278,-98.7983,-138.7983,
3.0281,-99.3074,-139.3074,
3.0284,-99.4642,-139.4642,
3.0287,-98.2911,-138.2911,
3.029,-100.3045,-140.3045,
3.0293,-99.6042,-139.6042,
3.0296,-99.8357,-139.8357,
3.0299,-99.1926,-139.1926,
3.0302,-97.941,-137.941,
3.0305,-99.1671,-139.1671,
3.0308,-100.239,-140.239,
3.0311,-100.3514,-140.3514,
3.0314,-101.0502,-141.0502,
3.0317,-99.1225,-139.1225,
3.032,-99.8337,-139.8337,
3.0323,-98.053,-138.053,
3.0326,-100.4122,-140.4122,
3.0329,-97.8801,-137.8801,
3.0332,-98.0607,-138.0607,
3.0335,-99.108,-139.108,
3.0338,-98.9503,-138.9503,
3.0341,-98.9617,-138.9617,
3.0344,-97.9246,-137.9246,
3.0347,-99.1702,-139.1702,
3.035,-99.4079,-139.4079,
3.0353,-99.9841,-139.9841,
3.0356,-99.7468,-139.7468,
3.0359,-100.2507,-140.2507,
3.0362,-99.0616,-139.0616,
3.0365,-100.5332,-140.5332,
3.0368,-99.0929,-139.0929,
3.0371,-100.783,-140.783,
3.0374,-98.2827,-138.2827,
3.0377,-97.7232,-137.7232,
3.038,-99.0135,-139.0135,
3.0383,-99.4986,-139.4986,
3.0386,-99.7141,-139.714,
3.0389,-100.037,-140.037,
3.0392,-100.0127,-140.0127,
3.0395,-100.1206,-140.1206,
3.0398,-99.7466,-139.7466,
3.0401,-97.9034,-137.9034,
3.0404,-99.5263,-139.5263,
3.0407,-97.5774,-137.5774,
3.041,-97.4955,-137.4955,
3.0413,-99.8011,-139.8011,
3.0416,-99.8097,-139.8097,
3.0419,-99.9328,-139.9328,
3.0422,-100.3925,-140.3925,
3.0425,-98.5421,-138.5421,
3.0428,-99.402,-139.402,
3.0431,-98.9903,-138.9903,
3.0434,-99.7681,-139.7681,
3.0437,-99.2516,-139.2516,
3.044,-98.5,-138.5,
3.0443,-97.6086,-137.6086,
3.0446,-99.0739,-139.0739,
3.0449,-99.5287,-139.5287,
3.0452,-98.8246,-138.8246,
3.0455,-100.4058,-140.4058,
3.0458,-99.2429,-139.2429,
3.0461,-98.0681,-138.0681,
3.0464,-98.5381,-138.5381,
3.0467,-100.0767,-140.0767,
3.047,-99.7495,-139.7495,
3.0473,-99.2147,-139.2147,
3.0476,-96.9217,-136.9217,
3.0479,-99.2695,-139.2695,
3.0482,-99.0123,-139.0123,
3.0485,-100.2958,-140.2958,
3.0488,-99.4743,-139.4743,
3.0491,-97.9765,-137.9765,
3.0494,-99.6778,-139.6778,
3.0497,-98.9588,-138.9588,
3.05,-98.9956,-138.9956,
3.0503,-96.9532,-136.9532,
3.0506,-96.7718,-136.7718,
3.0509,-100.3475,-140.3475,
3.0512,-99.2135,-139.2135,
3.0515,-97.8456,-137.8456,
3.0518,-99.7651,-139.7651,
3.0521,-99.1324,-139.1324,
3.0524,-98.4134,-138.4134,
3.0527,-99.36,-139.36,
3.053,-96.3751,-136.3751,
3.0533,-100.8458,-140.8458,
3.0536,-99.8971,-139.8971,
3.0539,-100.182,-140.182,
3.0542,-99.7081,-139.7081,
3.0545,-99.7443,-139.7443,
3.0548,-98.3326,-138.3326,
3.0551,-101.2647,-141.2647,
3.0554,-99.1659,-139.166,
3.0557,-97.244,-137.244,
3.056,-99.1053,-139.1053,
3.0563,-100.4445,-140.4445,
3.0566,-97.751,-137.7509,
3.0569,-100.1016,-140.1016,
3.0572,-97.9104,-137.9104,
3.0575,-97.8527,-137.8527,
3.0578,-99.3034,-139.3034,
3.0581,-97.5214,-137.5214,
3.0584,-100.2103,-140.2103,
3.0587,-96.6828,-136.6828,
3.059,-99.5924,-139.5924,
3.0593,-98.857,-138.857,
3.0596,-98.7191,-138.7191,
3.0599,-101.3903,-141.3903,
3.0602,-97.8023,-137.8023,
3.0605,-98.8895,-138.8895,
3.0608,-100.1207,-140.1207,
3.0611,-99.0049,-139.0049,
3.0614,-98.9005,-138.9005,
3.0617,-98.0521,-138.0521,
3.062,-98.9453,-138.9453,
3.0623,-98.4223,-138.4223,
3.0626,-97.5924,-137.5924,
3.0629,-97.3543,-137.3543,
3.0632,-98.4891,-138.4891,
3.0635,-98.8055,-138.8055,
3.0638,-99.3837,-139.3837,
3.0641,-98.3922,-138.3922,
3.0644,-99.3826,-139.3826,
3.0647,-99.1133,-139.1133,
3.065,-98.7077,-138.7077,
3.0653,-99.2216,-139.2216,
3.0656,-98.9295,-138.9295,
3.0659,-98.1387,-138.1387,
3.0662,-99.162,-139.162,
3.0665,-97.0495,-137.0495,
3.0668,-97.7678,-137.7678,
3.0671,-98.1408,-138.1408,
3.0674,-98.5734,-138.5734,
3.0677,-98.8914,-138.8914,
3.068,-98.6367,-138.6367,
3.0683,-99.4426,-139.4426,
3.0686,-99.344,-139.344,
3.0689,-98.3753,-138.3753,
3.0692,-99.6622,-139.6622,
3.0695,-99.2399,-139.2399,
3.0698,-98.7082,-138.7082,
3.0701,-100.139,-140.139,
3.0704,-97.7856,-137.7856,
3.0707,-98.763,-138.763,
3.071,-101.1177,-141.1177,
3.0713,-98.026,-138.026,
3.0716,-97.675,-137.675,
3.0719,-98.1778,-138.1778,
3.0722,-98.6708,-138.6708,
3.0725,-97.6124,-137.6124,
3.0728,-98.689,-138.689,
3.0731,-99.927,-139.927,
3.0734,-98.8919,-138.8919,
3.0737,-98.6266,-138.6266,
3.074,-100.339,-140.339,
3.0743,-98.4009,-138.4009,
3.0746,-97.8687,-137.8687,
3.0749,-97.0074,-137.0074,
3.0752,-100.1464,-140.1464,
3.0755,-99.5144,-139.5144,
3.0758,-100.0027,-140.0027,
3.0761,-99.0891,-139.0891,
3.0764,-100.132,-140.132,
3.0767,-98.2102,-138.2102,
3.077,-98.5662,-138.5662,
3.0773,-98.8734,-138.8734,
3.0776,-97.7887,-137.7887,
3.0779,-98.0847,-138.0847,
3.0782,-98.4476,-138.4476,
3.0785,-100.1129,-140.1129,
3.0788,-98.4572,-138.4572,
3.0791,-98.2808,-138.2808,
3.0794,-100.1022,-140.1022,
3.0797,-98.0954,-138.0954,
3.08,-99.2808,-139.2808,
3.0803,-98.6261,-138.6261,
3.0806,-99.2306,-139.2306,
3.0809,-97.7742,-137.7742,
3.0812,-99.5764,-139.5764,
3.0815,-99.4418,-139.4418,
3.0818,-97.0952,-137.0952,
3.0821,-98.9936,-138.9936,
3.0824,-97.8474,-137.8474,
3.0827,-98.0191,-138.0191,
3.083,-97.786,-137.786,
3.0833,-98.9828,-138.9828,
3.0836,-99.7076,-139.7076,
3.0839,-99.6652,-139.6652,
3.0842,-98.5705,-138.5705,
3.0845,-99.2874,-139.2874,
3.0848,-98.5533,-138.5533,
3.0851,-97.9083,-137.9083,
3.0854,-98.9626,-138.9626,
3.0857,-99.454,-139.454,
3.086,-99.0535,-139.0535,
3.0863,-96.88,-136.88,
3.0866,-98.9247,-138.9247,
3.0869,-98.116,-138.116,
3.0872,-98.5203,-138.5203,
3.0875,-98.0549,-138.0549,
3.0878,-99.7278,-139.7278,
3.0881,-99.2236,-139.2236,
3.0884,-98.4793,-138.4793,
3.0887,-98.619,-138.619,
3.089,-99.0744,-139.0744,
3.0893,-99.3383,-139.3383,
3.0896,-99.2366,-139.2366,
3.0899,-98.0343,-138.0343,
3.0902,-97.236,-137.236,
3.0905,-96.7657,-136.7657,
3.0908,-100.0164,-140.0164,
3.0911,-96.8715,-136.8715,
3.0914,-96.5968,-136.5968,
3.0917,-97.257,-137.257,
3.092,-97.7069,-137.7069,
3.0923,-98.4166,-138.4166,
3.0926,-97.2169,-137.2169,
3.0929,-97.8679,-137.8679,
3.0932,-97.2413,-137.2413,
3.0935,-97.4806,-137.4806,
3.0938,-98.7367,-138.7367,
3.0941,-98.9601,-138.9601,
3.0944,-99.0224,-139.0224,
3.0947,-97.8384,-137.8383,
3.095,-97.3272,-137.3272,
3.0953,-98.5045,-138.5045,
3.0956,-98.2015,-138.2015,
3.0959,-99.1913,-139.1913,
3.0962,-98.8275,-138.8275,
3.0965,-99.644,-139.644,
3.0968,-98.0656,-138.0656,
3.0971,-98.3997,-138.3997,
3.0974,-98.8433,-138.8433,
3.0977,-96.8517,-136.8517,
3.098,-97.8075,-137.8075,
3.0983,-99.6664,-139.6664,
3.0986,-98.632,-138.632,
3.0989,-97.9346,-137.9346,
3.0992,-99.4182,-139.4182,
3.0995,-99.3057,-139.3057,
3.0998,-98.7521,-138.7521,
3.1001,-98.8477,-138.8477,
3.1004,-99.6779,-139.6779,
3.1007,-97.7926,-137.7926,
3.101,-98.3608,-138.3608,
3.1013,-97.4143,-137.4143,
3.1016,-98.9664,-138.9665,
3.1019,-98.4564,-138.4564,
3.1022,-98.0898,-138.0898,
3.1025,-98.0263,-138.0263,
3.1028,-99.4121,-139.4121,
3.1031,-99.2976,-139.2976,
3.1034,-98.2493,-138.2493,
3.1037,-99.3434,-139.3434,
3.104,-99.1847,-139.1847,
3.1043,-99.7321,-139.7321,
3.1046,-97.0938,-137.0938,
3.1049,-99.2664,-139.2664,
3.1052,-97.7146,-137.7146,
3.1055,-99.7988,-139.7988,
3.1058,-97.1648,-137.1648,
3.1061,-99.3613,-139.3613,
3.1064,-97.3789,-137.3789,
3.1067,-101.7909,-141.7909,
3.107,-97.6784,-137.6784,
3.1073,-97.4745,-137.4745,
3.1076,-99.282,-139.282,
3.1079,-98.8888,-138.8888,
3.1082,-101.3114,-141.3114,
3.1085,-98.4475,-138.4475,
3.1088,-97.9412,-137.9412,
3.1091,-97.6543,-137.6543,
3.1094,-98.1586,-138.1586,
3.1097,-96.1368,-136.1368,
3.11,-99.0418,-139.0418,
3.1103,-98.7924,-138.7924,
3.1106,-97.6846,-137.6846,
3.1109,-98.7384,-138.7384,
3.1112,-97.8752,-137.8752,
3.1115,-98.5461,-138.5461,
3.1118,-99.4958,-139.4958,
3.1121,-100.1356,-140.1356,
3.1124,-98.1724,-138.1724,
3.1127,-98.0019,-138.0019,
3.113,-98.1321,-138.1321,
3.1133,-97.9242,-137.9242,
3.1136,-100.1949,-140.1949,
3.1139,-98.8046,-138.8046,
3.1142,-97.766,-137.766,
3.1145,-98.3128,-138.3128,
3.1148,-97.0584,-137.0584,
3.1151,-98.3843,-138.3843,
3.1154,-96.9317,-136.9317,
3.1157,-97.9387,-137.9387,
3.116,-98.1169,-138.1169,
3.1163,-97.9427,-137.9427,
3.1166,-96.0781,-136.0781,
3.1169,-99.1604,-139.1604,
3.1172,-100.5502,-140.5502,
3.1175,-97.6606,-137.6606,
3.1178,-98.39,-138.39,
3.1181,-97.6788,-137.6788,
3.1184,-98.5759,-138.5759,
3.1187,-98.8199,-138.8199,
3.119,-98.1466,-138.1466,
3.1193,-100.0818,-140.0818,
3.1196,-96.9938,-136.9938,
3.1199,-97.7547,-137.7547,
3.1202,-98.968,-138.968,
3.1205,-99.735,-139.735,
3.1208,-98.9879,-138.988,
3.1211,-98.3964,-138.3964,
3.1214,-99.0677,-139.0677,
3.1217,-96.799,-136.799,
3.122,-97.9749,-137.9749,
3.1223,-98.4942,-138.4942,
3.1226,-97.0743,-137.0743,
3.1229,-97.3991,-137.3991,
3.1232,-98.5281,-138.5281,
3.1235,-99.5393,-139.5394,
3.1238,-98.4818,-138.4818,
3.1241,-99.0351,-139.0351,
3.1244,-99.0561,-139.0561,
3.1247,-97.1339,-137.1339,
3.125,-97.6732,-137.6732,
3.1253,-99.8156,-139.8156,
3.1256,-97.9161,-137.9161,
3.1259,-97.7681,-137.7681,
3.1262,-97.2642,-137.2642,
3.1265,-99.6933,-139.6933,
3.1268,-97.7227,-137.7227,
3.1271,-97.5861,-137.5861,
3.1274,-97.8329,-137.8329,
3.1277,-100.4786,-140.4786,
3.128,-99.3374,-139.3374,
3.1283,-100.5441,-140.5441,
3.1286,-98.6671,-138.6671,
3.1289,-98.7258,-138.7258,
3.1292,-98.2173,-138.2173,
3.1295,-99.5473,-139.5473,
3.1298,-99.0093,-139.0093,
3.1301,-97.8804,-137.8804,
3.1304,-100.2403,-140.2403,
3.1307,-99.588,-139.588,
3.131,-98.6797,-138.6798,
3.1313,-97.4098,-137.4098,
3.1316,-99.1871,-139.1871,
3.1319,-97.9204,-137.9204,
3.1322,-96.7325,-136.7325,
3.1325,-100.202,-140.202,
3.1328,-98.9158,-138.9158,
3.1331,-99.1324,-139.1324,
3.1334,-98.1824,-138.1824,
3.1337,-99.8809,-139.8809,
3.134,-99.3251,-139.3251,
3.1343,-100.0199,-140.0199,
3.1346,-99.2869,-139.2869,
3.1349,-98.4153,-138.4153,
3.1352,-96.8475,-136.8475,
3.1355,-98.6331,-138.6331,
3.1358,-98.4647,-138.4647,
3.1361,-98.5921,-138.5921,
3.1364,-97.1389,-137.1389,
3.1367,-99.0656,-139.0656,
3.137,-98.1517,-138.1517,
3.1373,-97.2635,-137.2635,
3.1376,-98.5697,-138.5697,
3.1379,-99.9323,-139.9323,
3.1382,-97.8844,-137.8844,
3.1385,-97.273,-137.273,
3.1388,-98.4323,-138.4323,
3.1391,-97.6591,-137.6591,
3.1394,-98.8207,-138.8207,
3.1397,-97.6622,-137.6622,
3.14,-98.6941,-138.6941,
3.1403,-98.8769,-138.8768,
3.1406,-97.7299,-137.7299,
3.1409,-99.0088,-139.0088,
3.1412,-97.8112,-137.8112,
3.1415,-96.8221,-136.8221,
3.1418,-98.8479,-138.8479,
3.1421,-97.7387,-137.7387,
3.1424,-98.7176,-138.7176,
3.1427,-99.1637,-139.1637,
3.143,-97.7397,-137.7397,
3.1433,-98.7467,-138.7467,
3.1436,-99.3876,-139.3876,
3.1439,-96.9578,-136.9578,
3.1442,-98.1722,-138.1722,
3.1445,-99.8748,-139.8748,
3.1448,-98.3598,-138.3598,
3.1451,-97.9722,-137.9722,
3.1454,-99.7648,-139.7648,
3.1457,-98.3073,-138.3073,
3.146,-98.3387,-138.3387,
3.1463,-98.3461,-138.3461,
3.1466,-99.5212,-139.5212,
3.1469,-98.8497,-138.8497,
3.1472,-98.3278,-138.3279,
3.1475,-97.3438,-137.3438,
3.1478,-99.1236,-139.1236,
3.1481,-99.6109,-139.6109,
3.1484,-99.5008,-139.5009,
3.1487,-99.7445,-139.7445,
3.149,-100.4667,-140.4667,
3.1493,-96.8481,-136.8481,
3.1496,-98.2195,-138.2195,
3.1499,-97.4837,-137.4837,
3.1502,-97.1528,-137.1528,
3.1505,-99.1826,-139.1826,
3.1508,-99.2702,-139.2702,
3.1511,-99.4603,-139.4603,
3.1514,-97.8115,-137.8115,
3.1517,-99.2844,-139.2844,
3.152,-99.1072,-139.1072,
3.1523,-98.6138,-138.6138,
3.1526,-97.5585,-137.5585,
3.1529,-97.9258,-137.9258,
3.1532,-99.8196,-139.8196,
3.1535,-99.0381,-139.0381,
3.1538,-97.5684,-137.5684,
3.1541,-98.7791,-138.7791,
3.1544,-98.541,-138.541,
3.1547,-100.4022,-140.4022,
3.155,-98.8181,-138.8181,
3.1553,-98.2259,-138.2259,
3.1556,-98.562,-138.562,
3.1559,-99.2609,-139.2609,
3.1562,-99.9037,-139.9037,
3.1565,-99.6051,-139.6051,
3.1568,-97.3338,-137.3338,
3.1571,-98.555,-138.555,
3.1574,-98.8765,-138.8765,
3.1577,-99.6869,-139.6869,
3.158,-99.6698,-139.6698,
3.1583,-98.8911,-138.8911,
3.1586,-99.6267,-139.6267,
3.1589,-99.818,-139.818,
3.1592,-100.4335,-140.4335,
3.1595,-97.8678,-137.8678,
3.1598,-99.4892,-139.4892,
3.1601,-99.3506,-139.3506,
3.1604,-99.5667,-139.5667,
3.1607,-98.4913,-138.4913,
3.161,-99.2684,-139.2684,
3.1613,-98.4543,-138.4543,
3.1616,-97.9621,-137.9622,
3.1619,-98.357,-138.357,
3.1622,-96.3403,-136.3403,
3.1625,-97.8621,-137.8621,
3.1628,-98.1573,-138.1573,
3.1631,-99.6884,-139.6884,
3.1634,-99.6019,-139.6019,
3.1637,-100.2224,-140.2224,
3.164,-99.5673,-139.5673,
3.1643,-98.6349,-138.6349,
3.1646,-100.9514,-140.9514,
3.1649,-97.1462,-137.1463,
3.1652,-98.1807,-138.1807,
3.1655,-98.1612,-138.1612,
3.1658,-98.5211,-138.5211,
3.1661,-99.719,-139.719,
3.1664,-99.6329,-139.6329,
3.1667,-98.3644,-138.3644,
3.167,-96.9862,-136.9862,
3.1673,-97.7925,-137.7925,
3.1676,-99.2364,-139.2364,
3.1679,-97.9893,-137.9893,
3.1682,-98.3312,-138.3312,
3.1685,-97.6715,-137.6715,
3.1688,-98.3551,-138.3551,
3.1691,-97.9156,-137.9156,
3.1694,-98.6636,-138.6636,
3.1697,-98.124,-138.124,
3.17,-97.4476,-137.4476,
3.1703,-99.6382,-139.6382,
3.1706,-98.8841,-138.8841,
3.1709,-96.9194,-136.9194,
3.1712,-99.5834,-139.5834,
3.1715,-99.154,-139.154,
3.1718,-99.1545,-139.1545,
3.1721,-98.229,-138.229,
3.1724,-99.2406,-139.2406,
3.1727,-100.342,-140.342,
3.173,-99.7857,-139.7857,
3.1733,-98.7256,-138.7256,
3.1736,-97.0506,-137.0506,
3.1739,-98.5811,-138.5811,
3.1742,-99.3067,-139.3067,
3.1745,-97.9442,-137.9442,
3.1748,-97.4518,-137.4518,
3.1751,-99.6258,-139.6259,
3.1754,-98.6403,-138.6403,
3.1757,-99.1927,-139.1927,
3.176,-98.9119,-138.9119,
3.1763,-99.2328,-139.2328,
3.1766,-98.2561,-138.2561,
3.1769,-101.0422,-141.0422,
3.1772,-98.2429,-138.2429,
3.1775,-100.3783,-140.3783,
3.1778,-98.7909,-138.791,
3.1781,-100.4391,-140.4391,
3.1784,-98.9319,-138.9319,
3.1787,-98.8877,-138.8877,
3.179,-100.5741,-140.5741,
3.1793,-98.1698,-138.1698,
3.1796,-97.84,-137.84,
3.1799,-99.5378,-139.5378,
3.1802,-98.2884,-138.2884,
3.1805,-96.9168,-136.9168,
3.1808,-100.4828,-140.4828,
3.1811,-99.5148,-139.5148,
3.1814,-97.934,-137.934,
3.1817,-98.4185,-138.4185,
3.182,-98.2832,-138.2832,
3.1823,-97.082,-137.082,
3.1826,-99.2014,-139.2013,
3.1829,-99.2357,-139.2357,
3.1832,-98.9159,-138.9159,
3.1835,-98.5886,-138.5886,
3.1838,-99.4959,-139.4959,
3.1841,-99.5664,-139.5664,
3.1844,-99.464,-139.464,
3.1847,-98.9758,-138.9758,
3.185,-99.2751,-139.2751,
3.1853,-98.8093,-138.8093,
3.1856,-98.231,-138.231,
3.1859,-98.2396,-138.2396,
3.1862,-98.5367,-138.5367,
3.1865,-99.3418,-139.3418,
3.1868,-100.1867,-140.1867,
3.1871,-98.2465,-138.2465,
3.1874,-97.7471,-137.7471,
3.1877,-98.0332,-138.0332,
3.188,-97.3506,-137.3506,
3.1883,-96.9326,-136.9326,
3.1886,-98.22,-138.22,
3.1889,-99.598,-139.598,
3.1892,-99.0776,-139.0776,
3.1895,-99.1286,-139.1286,
3.1898,-98.2648,-138.2648,
3.1901,-99.1378,-139.1378,
3.1904,-97.9522,-137.9522,
3.1907,-96.3352,-136.3352,
3.191,-98.1157,-138.1157,
3.1913,-101.9111,-141.9111,
3.1916,-99.2903,-139.2903,
3.1919,-97.778,-137.778,
3.1922,-99.2317,-139.2317,
3.1925,-98.552,-138.5521,
3.1928,-98.3837,-138.3837,
3.1931,-96.9756,-136.9756,
3.1934,-99.4998,-139.4998,
3.1937,-98.8389,-138.8389,
3.194,-98.796,-138.796,
3.1943,-98.2442,-138.2442,
3.1946,-97.7893,-137.7893,
3.1949,-100.7135,-140.7135,
3.1952,-100.0364,-140.0364,
3.1955,-100.6049,-140.6049,
3.1958,-98.138,-138.138,
3.1961,-99.1312,-139.1311,
3.1964,-100.101,-140.101,
3.1967,-100.4802,-140.4802,
3.197,-98.6572,-138.6572,
3.1973,-100.4095,-140.4095,
3.1976,-97.3382,-137.3382,
3.1979,-98.2075,-138.2075,
3.1982,-98.9404,-138.9404,
3.1985,-98.1409,-138.1409,
3.1988,-100.1206,-140.1206,
3.1991,-99.0561,-139.0561,
3.1994,-98.799,-138.799,
3.1997,-99.5056,-139.5056,
3.2,-98.6403,-138.6403,
3.2003,-97.843,-137.843,
3.2006,-98.7,-138.7,
3.2009,-100.1699,-140.1699,
3.2012,-99.2056,-139.2056,
3.2015,-98.6289,-138.6289,
3.2018,-98.928,-138.928,
3.2021,-99.2124,-139.2124,
3.2024,-100.3668,-140.3668,
3.2027,-100.2135,-140.2135,
3.203,-98.688,-138.688,
3.2033,-98.4452,-138.4452,
3.2036,-99.0382,-139.0382,
3.2039,-99.4373,-139.4373,
3.2042,-99.7516,-139.7516,
3.2045,-99.5943,-139.5943,
3.2048,-98.5564,-138.5564,
3.2051,-98.7176,-138.7176,
3.2054,-97.9269,-137.9269,
3.2057,-100.28,-140.28,
3.206,-99.4644,-139.4644,
3.2063,-99.9107,-139.9107,
3.2066,-99.529,-139.529,
3.2069,-98.8741,-138.8741,
3.2072,-101.4349,-141.4349,
3.2075,-100.2996,-140.2996,
3.2078,-98.1672,-138.1672,
3.2081,-99.5808,-139.5808,
3.2084,-99.8689,-139.8689,
3.2087,-100.8448,-140.8448,
3.209,-99.196,-139.196,
3.2093,-98.7052,-138.7052,
3.2096,-99.3612,-139.3612,
3.2099,-100.6419,-140.6419,
3.2102,-100.2055,-140.2055,
3.2105,-100.1755,-140.1755,
3.2108,-100.5382,-140.5382,
3.2111,-98.8415,-138.8415,
3.2114,-100.9832,-140.9832,
3.2117,-98.4923,-138.4923,
3.212,-99.1022,-139.1022,
3.2123,-100.6964,-140.6964,
3.2126,-100.2994,-140.2994,
3.2129,-98.9386,-138.9386,
3.2132,-99.6893,-139.6893,
3.2135,-99.6096,-139.6096,
3.2138,-99.2509,-139.2509,
3.2141,-99.2162,-139.2162,
3.2144,-98.4934,-138.4934,
3.2147,-98.4421,-138.4421,
3.215,-100.7405,-140.7405,
3.2153,-98.5021,-138.5021,
3.2156,-99.5027,-139.5027,
3.2159,-98.7741,-138.7741,
3.2162,-99.2479,-139.2479,
3.2165,-97.0542,-137.0542,
3.2168,-98.8078,-138.8078,
3.2171,-100.8785,-140.8785,
3.2174,-97.7807,-137.7808,
3.2177,-100.0981,-140.0981,
3.218,-99.374,-139.374,
3.2183,-99.5234,-139.5234,
3.2186,-96.8271,-136.8271,
3.2189,-100.3963,-140.3963,
3.2192,-98.5803,-138.5803,
3.2195,-98.9684,-138.9684,
3.2198,-98.0859,-138.0859,
3.2201,-99.426,-139.426,
3.2204,-99.4119,-139.4119,
3.2207,-99.8959,-139.8959,
3.221,-99.0664,-139.0664,
3.2213,-98.9434,-138.9434,
3.2216,-99.7564,-139.7564,
3.2219,-99.6915,-139.6915,
3.2222,-99.2151,-139.2151,
3.2225,-98.7382,-138.7382,
3.2228,-97.5168,-137.5168,
3.2231,-98.3399,-138.3399,
3.2234,-101.0805,-141.0805,
3.2237,-99.8283,-139.8283,
3.224,-98.7483,-138.7483,
3.2243,-98.6572,-138.6572,
3.2246,-99.8978,-139.8978,
3.2249,-98.813,-138.813,
3.2252,-98.7545,-138.7545,
3.2255,-99.4871,-139.4871,
3.2258,-98.9483,-138.9483,
3.2261,-98.8636,-138.8636,
3.2264,-98.4999,-138.4999,
3.2267,-98.1364,-138.1364,
3.227,-97.8449,-137.8449,
3.2273,-99.832,-139.832,
3.2276,-98.7233,-138.7233,
3.2279,-98.3323,-138.3323,
3.2282,-98.7755,-138.7755,
3.2285,-100.9119,-140.9119,
3.2288,-99.0894,-139.0894,
3.2291,-98.4331,-138.4331,
3.2294,-98.1657,-138.1657,
3.2297,-98.4835,-138.4835,
3.23,-99.6617,-139.6617,
3.2303,-98.1985,-138.1985,
3.2306,-99.3905,-139.3905,
3.2309,-98.6305,-138.6305,
3.2312,-100.1257,-140.1257,
3.2315,-98.7186,-138.7186,
3.2318,-98.8448,-138.8448,
3.2321,-99.3532,-139.3532,
3.2324,-97.6031,-137.6031,
3.2327,-101.4323,-141.4323,
3.233,-99.3222,-139.3222,
3.2333,-100.3387,-140.3387,
3.2336,-100.7126,-140.7126,
3.2339,-98.7525,-138.7525,
3.2342,-98.5905,-138.5905,
3.2345,-99.0136,-139.0136,
3.2348,-98.7354,-138.7354,
3.2351,-101.5809,-141.5809,
3.2354,-100.4327,-140.4327,
3.2357,-99.3306,-139.3306,
3.236,-98.1935,-138.1935,
3.2363,-99.4685,-139.4685,
3.2366,-99.9439,-139.9439,
3.2369,-100.2639,-140.2639,
3.2372,-99.46,-139.46,
3.2375,-98.2066,-138.2066,
3.2378,-97.445,-137.445,
3.2381,-100.3122,-140.3122,
3.2384,-100.4805,-140.4805,
3.2387,-101.1776,-141.1776,
3.239,-99.8784,-139.8784,
3.2393,-99.5495,-139.5495,
3.2396,-101.3477,-141.3477,
3.2399,-99.9992,-139.9992,
3.2402,-100.9166,-140.9166,
3.2405,-98.987,-138.987,
3.2408,-101.6248,-141.6248,
3.2411,-100.5207,-140.5207,
3.2414,-98.7662,-138.7662,
3.2417,-100.7657,-140.7657,
3.242,-98.3647,-138.3647,
3.2423,-99.1192,-139.1192,
3.2426,-98.753,-138.753,
3.2429,-100.1333,-140.1333,
3.2432,-99.6786,-139.6786,
3.2435,-99.5332,-139.5332,
3.2438,-99.6193,-139.6193,
3.2441,-98.9955,-138.9955,
3.2444,-98.5547,-138.5547,
3.2447,-98.8781,-138.8781,
3.245,-100.0691,-140.0691,
3.2453,-101.7651,-141.7651,
3.2456,-98.8474,-138.8474,
3.2459,-99.2693,-139.2693,
3.2462,-100.1056,-140.1056,
3.2465,-99.2701,-139.2701,
3.2468,-99.4592,-139.4592,
3.2471,-98.8953,-138.8953,
3.2474,-98.5983,-138.5983,
3.2477,-99.4769,-139.4769,
3.248,-97.2594,-137.2594,
3.2483,-100.2894,-140.2894,
3.2486,-100.4667,-140.4667,
3.2489,-100.0757,-140.0757,
3.2492,-99.9998,-139.9998,
3.2495,-98.8411,-138.8411,
3.2498,-98.2878,-138.2878,
3.2501,-99.3711,-139.3711,
3.2504,-99.9664,-139.9664,
3.2507,-101.3463,-141.3463,
3.251,-98.8599,-138.8599,
3.2513,-100.4397,-140.4397,
3.2516,-97.7357,-137.7357,
3.2519,-98.7755,-138.7755,
3.2522,-99.719,-139.719,
3.2525,-100.1822,-140.1822,
3.2528,-97.9138,-137.9138,
3.2531,-98.3908,-138.3908,
3.2534,-99.7952,-139.7952,
3.2537,-97.9102,-137.9102,
3.254,-96.9995,-136.9995,
3.2543,-100.5936,-140.5936,
3.2546,-98.058,-138.058,
3.2549,-100.8033,-140.8033,
3.2552,-98.4882,-138.4882,
3.2555,-98.0189,-138.0189,
3.2558,-97.5905,-137.5906,
3.2561,-99.4243,-139.4243,
3.2564,-99.5205,-139.5205,
3.2567,-98.6425,-138.6425,
3.257,-97.927,-137.927,
3.2573,-98.9343,-138.9343,
3.2576,-99.2325,-139.2325,
3.2579,-98.354,-138.354,
3.2582,-97.7827,-137.7826,
3.2585,-99.2146,-139.2146,
3.2588,-98.2769,-138.2769,
3.2591,-99.8712,-139.8712,
3.2594,-97.3358,-137.3358,
3.2597,-99.0289,-139.0289,
3.26,-97.8558,-137.8558,
3.2603,-98.6055,-138.6055,
3.2606,-99.3479,-139.3479,
3.2609,-100.0868,-140.0868,
3.2612,-98.2803,-138.2803,
3.2615,-99.2094,-139.2094,
3.2618,-97.6123,-137.6123,
3.2621,-99.3564,-139.3564,
3.2624,-99.4098,-139.4098,
3.2627,-99.5279,-139.5279,
3.263,-99.7646,-139.7646,
3.2633,-98.4911,-138.4911,
3.2636,-99.1998,-139.1998,
3.2639,-99.1877,-139.1877,
3.2642,-97.9911,-137.9911,
3.2645,-99.6547,-139.6547,
3.2648,-98.6659,-138.6659,
3.2651,-98.6544,-138.6544,
3.2654,-99.7531,-139.7531,
3.2657,-97.789,-137.789,
3.266,-97.5675,-137.5675,
3.2663,-100.2476,-140.2476,
3.2666,-98.9879,-138.9879,
3.2669,-99.2416,-139.2416,
3.2672,-98.6428,-138.6428,
3.2675,-97.7096,-137.7096,
3.2678,-97.5597,-137.5597,
3.2681,-99.7834,-139.7834,
3.2684,-98.328,-138.328,
3.2687,-98.6429,-138.6429,
3.269,-97.5574,-137.5574,
3.2693,-99.6075,-139.6075,
3.2696,-98.7342,-138.7342,
3.2699,-98.5409,-138.5409,
3.2702,-99.3239,-139.3239,
3.2705,-98.5082,-138.5082,
3.2708,-99.872,-139.872,
3.2711,-99.7305,-139.7305,
3.2714,-99.6763,-139.6763,
3.2717,-98.2596,-138.2596,
3.272,-98.448,-138.448,
3.2723,-100.6104,-140.6104,
3.2726,-97.8393,-137.8393,
3.2729,-97.7875,-137.7875,
3.2732,-98.0117,-138.0117,
3.2735,-98.5028,-138.5028,
3.2738,-98.8867,-138.8867,
3.2741,-100.2899,-140.2899,
3.2744,-98.5279,-138.5279,
3.2747,-100.5953,-140.5953,
3.275,-97.4657,-137.4657,
3.2753,-98.7737,-138.7737,
3.2756,-98.365,-138.365,
3.2759,-100.5508,-140.5508,
3.2762,-98.927,-138.927,
3.2765,-98.9936,-138.9936,
3.2768,-98.1298,-138.1298,
3.2771,-98.9463,-138.9463,
3.2774,-98.7497,-138.7497,
3.2777,-98.8845,-138.8845,
3.278,-99.222,-139.222,
3.2783,-97.5523,-137.5523,
3.2786,-96.9908,-136.9908,
3.2789,-98.0964,-138.0964,
3.2792,-99.8759,-139.8759,
3.2795,-99.7466,-139.7466,
3.2798,-99.5211,-139.5211,
3.2801,-99.452,-139.452,
3.2804,-100.1049,-140.1049,
3.2807,-100.1446,-140.1446,
3.281,-99.1716,-139.1716,
3.2813,-98.8976,-138.8976,
3.2816,-98.4938,-138.4938,
3.2819,-98.815,-138.815,
3.2822,-98.8489,-138.8489,
3.2825,-99.6508,-139.6508,
3.2828,-97.81,-137.81,
3.2831,-98.1746,-138.1746,
3.2834,-99.6602,-139.6601,
3.2837,-99.3132,-139.3132,
3.284,-98.7519,-138.7519,
3.2843,-99.8595,-139.8595,
3.2846,-99.1152,-139.1152,
3.2849,-98.3858,-138.3858,
3.2852,-97.1131,-137.1131,
3.2855,-99.0414,-139.0414,
3.2858,-99.7959,-139.7959,
3.2861,-100.5395,-140.5395,
3.2864,-98.4988,-138.4988,
3.2867,-98.0456,-138.0456,
3.287,-99.6273,-139.6273,
3.2873,-97.567,-137.567,
3.2876,-99.847,-139.847,
3.2879,-100.3945,-140.3945,
3.2882,-98.5364,-138.5364,
3.2885,-98.0834,-138.0834,
3.2888,-99.0199,-139.0199,
3.2891,-97.8246,-137.8246,
3.2894,-99.5169,-139.5169,
3.2897,-99.1343,-139.1343,
3.29,-97.5549,-137.5549,
3.2903,-98.8292,-138.8292,
3.2906,-98.7254,-138.7254,
3.2909,-97.7927,-137.7927,
3.2912,-100.0449,-140.0449,
3.2915,-101.4735,-141.4735,
3.2918,-99.0794,-139.0794,
3.2921,-99.328,-139.328,
3.2924,-98.681,-138.681,
3.2927,-97.7459,-137.7459,
3.293,-100.006,-140.006,
3.2933,-98.6302,-138.6302,
3.2936,-98.7338,-138.7338,
3.2939,-99.1442,-139.1442,
3.2942,-98.1877,-138.1877,
3.2945,-98.7107,-138.7107,
3.2948,-96.986,-136.986,
3.2951,-99.1179,-139.1179,
3.2954,-99.2146,-139.2146,
3.2957,-98.0983,-138.0983,
3.296,-96.5891,-136.5891,
3.2963,-97.7007,-137.7007,
3.2966,-97.7405,-137.7405,
3.2969,-99.599,-139.599,
3.2972,-98.7079,-138.7079,
3.2975,-98.6959,-138.6959,
3.2978,-98.3016,-138.3016,
3.2981,-99.4178,-139.4178,
3.2984,-97.5544,-137.5544,
3.2987,-98.7117,-138.7117,
3.299,-100.617,-140.617,
3.2993,-99.2951,-139.2951,
3.2996,-99.3098,-139.3098,
3.2999,-100.1228,-140.1228,
3.3002,-98.3547,-138.3547,
3.3005,-98.7618,-138.7618,
3.3008,-99.538,-139.538,
3.3011,-99.1026,-139.1026,
3.3014,-97.3972,-137.3972,
3.3017,-99.5014,-139.5014,
3.302,-99.7365,-139.7365,
3.3023,-97.0936,-137.0936,
3.3026,-100.8216,-140.8216,
3.3029,-99.8577,-139.8577,
3.3032,-98.3004,-138.3004,
3.3035,-97.6876,-137.6876,
3.3038,-97.2574,-137.2574,
3.3041,-97.6282,-137.6282,
3.3044,-99.2855,-139.2855,
3.3047,-98.6693,-138.6694,
3.305,-98.6545,-138.6545,
3.3053,-99.6548,-139.6548,
3.3056,-98.4576,-138.4576,
3.3059,-100.5856,-140.5856,
3.3062,-97.5752,-137.5752,
3.3065,-99.3421,-139.3421,
3.3068,-98.9461,-138.9461,
3.3071,-98.7252,-138.7252,
3.3074,-98.4451,-138.4451,
3.3077,-97.7204,-137.7204,
3.308,-99.0465,-139.0465,
3.3083,-99.7081,-139.7081,
3.3086,-99.5657,-139.5657,
3.3089,-98.7767,-138.7767,
3.3092,-100.4227,-140.4227,
3.3095,-98.5874,-138.5874,
3.3098,-96.9074,-136.9074,
3.3101,-98.8762,-138.8762,
3.3104,-100.7981,-140.7981,
3.3107,-101.7264,-141.7264,
3.311,-97.4989,-137.4989,
3.3113,-97.5568,-137.5568,
3.3116,-98.4649,-138.4649,
3.3119,-99.4228,-139.4228,
3.3122,-98.8078,-138.8078,
3.3125,-99.7329,-139.7329,
3.3128,-98.1456,-138.1456,
3.3131,-98.1855,-138.1855,
3.3134,-99.8879,-139.8879,
3.3137,-98.2946,-138.2946,
3.314,-97.1284,-137.1284,
3.3143,-97.7167,-137.7167,
3.3146,-99.8709,-139.8709,
3.3149,-99.6835,-139.6835,
3.3152,-98.1828,-138.1828,
3.3155,-99.7065,-139.7065,
3.3158,-99.5579,-139.5579,
3.3161,-98.0165,-138.0165,
3.3164,-98.9608,-138.9608,
3.3167,-100.9724,-140.9724,
3.317,-99.3127,-139.3127,
3.3173,-99.5453,-139.5453,
3.3176,-99.0498,-139.0498,
3.3179,-98.7858,-138.7858,
3.3182,-97.0943,-137.0943,
3.3185,-98.1462,-138.1462,
3.3188,-100.9749,-140.9749,
3.3191,-99.7828,-139.7828,
3.3194,-98.7756,-138.7756,
3.3197,-98.9394,-138.9394,
3.32,-100.5559,-140.5559,
3.3203,-98.566,-138.566,
3.3206,-100.6028,-140.6028,
3.3209,-99.2226,-139.2226,
3.3212,-100.4565,-140.4565,
3.3215,-99.248,-139.248,
3.3218,-99.3015,-139.3015,
3.3221,-98.8989,-138.8989,
3.3224,-98.4776,-138.4776,
3.3227,-97.8931,-137.8931,
3.323,-97.9031,-137.9031,
3.3233,-100.0451,-140.0451,
3.3236,-100.3235,-140.3235,
3.3239,-98.7267,-138.7267,
3.3242,-97.515,-137.515,
3.3245,-97.954,-137.954,
3.3248,-97.2148,-137.2148,
3.3251,-99.1795,-139.1795,
3.3254,-99.691,-139.691,
3.3257,-96.104,-136.104,
3.326,-100.0928,-140.0928,
3.3263,-98.8198,-138.8198,
3.3266,-99.0819,-139.0819,
3.3269,-99.6461,-139.6461,
3.3272,-98.4616,-138.4616,
3.3275,-98.5064,-138.5064,
3.3278,-98.7009,-138.7009,
3.3281,-98.2073,-138.2072,
3.3284,-98.8234,-138.8234,
3.3287,-99.8019,-139.8019,
3.329,-99.7787,-139.7787,
3.3293,-99.4108,-139.4108,
3.3296,-98.8488,-138.8488,
3.3299,-98.1599,-138.1599,
3.3302,-98.6668,-138.6668,
3.3305,-99.5453,-139.5453,
3.3308,-98.6717,-138.6717,
3.3311,-99.7778,-139.7778,
3.3314,-97.4711,-137.4711,
3.3317,-98.4681,-138.4681,
3.332,-100.846,-140.846,
3.3323,-97.9957,-137.9957,
3.3326,-97.7822,-137.7822,
3.3329,-99.4623,-139.4623,
3.3332,-99.2279,-139.2279,
3.3335,-98.185,-138.185,
3.3338,-98.4617,-138.4617,
3.3341,-99.6668,-139.6668,
3.3344,-99.9105,-139.9105,
3.3347,-99.8165,-139.8165,
3.335,-98.8992,-138.8992,
3.3353,-98.8964,-138.8964,
3.3356,-99.6574,-139.6574,
3.3359,-97.8199,-137.8199,
3.3362,-99.7775,-139.7774,
3.3365,-99.542,-139.542,
3.3368,-98.7932,-138.7932,
3.3371,-97.9189,-137.9189,
3.3374,-97.9225,-137.9225,
3.3377,-99.4141,-139.4141,
3.338,-99.8373,-139.8373,
3.3383,-97.5054,-137.5054,
3.3386,-98.0249,-138.0249,
3.3389,-99.0925,-139.0925,
3.3392,-97.879,-137.879,
3.3395,-101.044,-141.044,
3.3398,-100.7469,-140.7469,
3.3401,-99.5399,-139.5399,
3.3404,-101.452,-141.452,
3.3407,-98.5812,-138.5812,
3.341,-100.163,-140.163,
3.3413,-99.665,-139.665,
3.3416,-101.7513,-141.7513,
3.3419,-99.0672,-139.0672,
3.3422,-99.8814,-139.8814,
3.3425,-100.201,-140.201,
3.3428,-100.5101,-140.5101,
3.3431,-100.4424,-140.4424,
3.3434,-99.8957,-139.8957,
3.3437,-99.4795,-139.4795,
3.344,-99.4865,-139.4865,
3.3443,-101.3805,-141.3805,
3.3446,-100.3701,-140.3701,
3.3449,-100.4766,-140.4766,
3.3452,-101.4098,-141.4098,
3.3455,-100.5281,-140.5281,
3.3458,-99.8037,-139.8037,
3.3461,-99.1143,-139.1143,
3.3464,-100.6262,-140.6262,
3.3467,-99.5843,-139.5843,
3.347,-99.0848,-139.0848,
3.3473,-100.717,-140.717,
3.3476,-98.6418,-138.6418,
3.3479,-100.1957,-140.1957,
3.3482,-100.3143,-140.3143,
3.3485,-100.8373,-140.8373,
3.3488,-98.0482,-138.0482,
3.3491,-99.6363,-139.6363,
3.3494,-99.2995,-139.2995,
3.3497,-101.1969,-141.1969,
3.35,-98.306,-138.306,
3.3503,-99.4077,-139.4077,
3.3506,-100.0953,-140.0953,
3.3509,-99.7207,-139.7207,
3.3512,-99.4613,-139.4613,
3.3515,-99.7859,-139.7859,
3.3518,-98.3696,-138.3696,
3.3521,-100.2268,-140.2268,
3.3524,-100.8417,-140.8417,
3.3527,-99.3726,-139.3726,
3.353,-97.9233,-137.9233,
3.3533,-99.721,-139.721,
3.3536,-100.2671,-140.2671,
3.3539,-99.6226,-139.6226,
3.3542,-99.6466,-139.6466,
3.3545,-98.8991,-138.8991,
3.3548,-99.6539,-139.6539,
3.3551,-99.7138,-139.7138,
3.3554,-99.0826,-139.0826,
3.3557,-100.7813,-140.7813,
3.356,-100.1213,-140.1213,
3.3563,-99.6696,-139.6696,
3.3566,-98.8753,-138.8753,
3.3569,-99.4921,-139.4921,
3.3572,-99.9547,-139.9547,
3.3575,-97.9742,-137.9742,
3.3578,-99.4943,-139.4943,
3.3581,-99.2372,-139.2372,
3.3584,-99.7149,-139.7149,
3.3587,-100.0932,-140.0932,
3.359,-100.4815,-140.4815,
3.3593,-99.7554,-139.7554,
3.3596,-100.1541,-140.1541,
3.3599,-101.1713,-141.1713,
3.3602,-99.2401,-139.2401,
3.3605,-100.675,-140.675,
3.3608,-101.3174,-141.3174,
3.3611,-100.1372,-140.1372,
3.3614,-99.7038,-139.7038,
3.3617,-100.3098,-140.3098,
3.362,-100.1931,-140.1931,
3.3623,-97.3268,-137.3268,
3.3626,-102.7251,-142.7251,
3.3629,-102.2841,-142.2841,
3.3632,-100.7503,-140.7503,
3.3635,-100.4034,-140.4034,
3.3638,-100.8774,-140.8774,
3.3641,-100.6734,-140.6734,
3.3644,-101.7003,-141.7003,
3.3647,-99.2672,-139.2672,
3.365,-100.3804,-140.3804,
3.3653,-100.3898,-140.3898,
3.3656,-100.3567,-140.3567,
3.3659,-100.2296,-140.2296,
3.3662,-100.2917,-140.2917,
3.3665,-100.6922,-140.6922,
3.3668,-101.001,-141.001,
3.3671,-99.6012,-139.6012,
3.3674,-100.3167,-140.3167,
3.3677,-99.6073,-139.6073,
3.368,-98.4631,-138.4631,
3.3683,-99.0576,-139.0576,
3.3686,-100.1521,-140.1521,
3.3689,-99.8221,-139.8221,
3.3692,-98.9428,-138.9428,
3.3695,-100.1527,-140.1527,
3.3698,-100.7245,-140.7245,
3.3701,-100.2441,-140.2441,
3.3704,-101.9609,-141.9609,
3.3707,-100.908,-140.908,
3.371,-99.239,-139.239,
3.3713,-101.3867,-141.3867,
3.3716,-100.0697,-140.0697,
3.3719,-99.8544,-139.8544,
3.3722,-98.2236,-138.2236,
3.3725,-99.5258,-139.5258,
3.3728,-101.6559,-141.6559,
3.3731,-99.3605,-139.3605,
3.3734,-99.8988,-139.8988,
3.3737,-99.2917,-139.2917,
3.374,-100.7878,-140.7878,
3.3743,-99.1859,-139.1859,
3.3746,-100.9829,-140.9829,
3.3749,-99.2837,-139.2837,
3.3752,-99.6889,-139.6889,
3.3755,-99.8131,-139.8131,
3.3758,-101.0844,-141.0844,
3.3761,-98.0625,-138.0625,
3.3764,-98.878,-138.878,
3.3767,-100.0051,-140.0051,
3.377,-100.2245,-140.2245,
3.3773,-100.0067,-140.0067,
3.3776,-100.0291,-140.0291,
3.3779,-100.5343,-140.5343,
3.3782,-100.459,-140.459,
3.3785,-100.2275,-140.2275,
3.3788,-99.9995,-139.9995,
3.3791,-100.5552,-140.5552,
3.3794,-100.0799,-140.0799,
3.3797,-98.7387,-138.7387,
3.38,-99.4477,-139.4477,
3.3803,-100.5001,-140.5001,
3.3806,-100.6438,-140.6438,
3.3809,-100.3784,-140.3784,
3.3812,-101.8209,-141.8209,
3.3815,-98.8001,-138.8001,
3.3818,-98.9994,-138.9994,
3.3821,-99.6928,-139.6927,
3.3824,-100.5798,-140.5798,
3.3827,-99.3628,-139.3628,
3.383,-100.0249,-140.0249,
3.3833,-99.0253,-139.0253,
3.3836,-100.3925,-140.3925,
3.3839,-100.76,-140.76,
3.3842,-101.7338,-141.7338,
3.3845,-100.6793,-140.6793,
3.3848,-99.9808,-139.9808,
3.3851,-99.8691,-139.8691,
3.3854,-99.4463,-139.4463,
3.3857,-100.2667,-140.2667,
3.386,-98.298,-138.298,
3.3863,-101.3659,-141.3659,
3.3866,-98.4248,-138.4248,
3.3869,-98.0937,-138.0937,
3.3872,-98.7356,-138.7356,
3.3875,-98.2021,-138.2021,
3.3878,-100.2704,-140.2704,
3.3881,-98.7309,-138.7309,
3.3884,-98.9819,-138.9819,
3.3887,-99.3908,-139.3908,
3.389,-100.4597,-140.4597,
3.3893,-98.5623,-138.5623,
3.3896,-98.673,-138.673,
3.3899,-99.7175,-139.7175,
3.3902,-100.869,-140.869,
3.3905,-99.7,-139.7,
3.3908,-98.5232,-138.5231,
3.3911,-97.8037,-137.8037,
3.3914,-99.5725,-139.5725,
3.3917,-99.0008,-139.0008,
3.392,-98.9613,-138.9613,
3.3923,-99.8776,-139.8776,
3.3926,-101.6873,-141.6873,
3.3929,-98.7019,-138.7019,
3.3932,-100.2729,-140.2729,
3.3935,-98.0999,-138.0999,
3.3938,-99.4743,-139.4743,
3.3941,-99.1167,-139.1167,
3.3944,-99.6694,-139.6694,
3.3947,-100.4628,-140.4628,
3.395,-100.9622,-140.9622,
3.3953,-99.9035,-139.9035,
3.3956,-99.9479,-139.9479,
3.3959,-100.4073,-140.4073,
3.3962,-99.8805,-139.8805,
3.3965,-98.7621,-138.7621,
3.3968,-100.3867,-140.3867,
3.3971,-100.0549,-140.0549,
3.3974,-96.5293,-136.5293,
3.3977,-101.3827,-141.3827,
3.398,-100.6264,-140.6264,
3.3983,-100.7369,-140.7369,
3.3986,-97.8111,-137.8111,
3.3989,-97.0675,-137.0675,
3.3992,-99.5474,-139.5474,
3.3995,-99.7948,-139.7948,
3.3998,-99.0237,-139.0237,
3.4001,-101.2399,-141.2399,
3.4004,-99.2048,-139.2048,
3.4007,-98.4016,-138.4016,
3.401,-99.1591,-139.1591,
3.4013,-100.3681,-140.3681,
3.4016,-100.6571,-140.6571,
3.4019,-100.5695,-140.5695,
3.4022,-98.5357,-138.5357,
3.4025,-100.6862,-140.6862,
3.4028,-100.0171,-140.0171,
3.4031,-98.3674,-138.3674,
3.4034,-98.7147,-138.7147,
3.4037,-100.4016,-140.4016,
3.404,-98.9624,-138.9624,
3.4043,-99.117,-139.117,
3.4046,-97.2916,-137.2916,
3.4049,-99.3388,-139.3388,
3.4052,-98.3441,-138.3441,
3.4055,-98.7101,-138.7101,
3.4058,-99.6696,-139.6696,
3.4061,-98.5922,-138.5922,
3.4064,-99.1068,-139.1068,
3.4067,-101.1101,-141.1101,
3.407,-99.6773,-139.6773,
3.4073,-100.0041,-140.0041,
3.4076,-99.5102,-139.5102,
3.4079,-99.9181,-139.9181,
3.4082,-99.934,-139.934,
3.4085,-97.4049,-137.4049,
3.4088,-99.0202,-139.0202,
3.4091,-98.6247,-138.6247,
3.4094,-99.6887,-139.6887,
3.4097,-99.0287,-139.0287,
3.41,-99.2887,-139.2887,
3.4103,-99.1666,-139.1666,
3.4106,-101.1981,-141.1981,
3.4109,-99.2146,-139.2146,
3.4112,-98.6381,-138.6381,
3.4115,-98.6547,-138.6547,
3.4118,-100.4287,-140.4287,
3.4121,-100.3468,-140.3468,
3.4124,-99.2149,-139.2149,
3.4127,-100.4257,-140.4257,
3.413,-99.2433,-139.2433,
3.4133,-97.9645,-137.9645,
3.4136,-99.3271,-139.3271,
3.4139,-98.6597,-138.6597,
3.4142,-99.2287,-139.2287,
3.4145,-99.752,-139.752,
3.4148,-99.1142,-139.1142,
3.4151,-100.7613,-140.7613,
3.4154,-98.5589,-138.5589,
3.4157,-101.1643,-141.1643,
3.416,-98.1803,-138.1803,
3.4163,-98.4517,-138.4517,
3.4166,-99.3095,-139.3095,
3.4169,-100.909,-140.909,
3.4172,-100.166,-140.166,
3.4175,-98.5348,-138.5348,
3.4178,-96.7914,-136.7914,
3.4181,-98.0122,-138.0122,
3.4184,-97.6205,-137.6205,
3.4187,-98.9148,-138.9148,
3.419,-100.3195,-140.3195,
3.4193,-99.5534,-139.5534,
3.4196,-100.2037,-140.2037,
3.4199,-98.0602,-138.0602,
3.4202,-99.2069,-139.2069,
3.4205,-100.3531,-140.3531,
3.4208,-98.6587,-138.6587,
3.4211,-97.8821,-137.8821,
3.4214,-98.7419,-138.7419,
3.4217,-98.963,-138.963,
3.422,-98.9005,-138.9005,
3.4223,-97.8736,-137.8736,
3.4226,-98.9368,-138.9368,
3.4229,-98.2662,-138.2662,
3.4232,-98.7476,-138.7476,
3.4235,-97.1303,-137.1303,
3.4238,-98.9865,-138.9865,
3.4241,-99.1042,-139.1042,
3.4244,-98.6822,-138.6822,
3.4247,-98.1724,-138.1724,
3.425,-98.2127,-138.2127,
3.4253,-99.2105,-139.2105,
3.4256,-99.0091,-139.0091,
3.4259,-101.6718,-141.6718,
3.4262,-99.8075,-139.8075,
3.4265,-97.3998,-137.3998,
3.4268,-101.3018,-141.3018,
3.4271,-99.5577,-139.5577,
3.4274,-98.6615,-138.6615,
3.4277,-99.8783,-139.8783,
3.428,-98.4269,-138.4269,
3.4283,-97.9523,-137.9523,
3.4286,-100.7082,-140.7082,
3.4289,-98.7682,-138.7682,
3.4292,-99.2262,-139.2262,
3.4295,-98.3022,-138.3022,
3.4298,-97.912,-137.912,
3.4301,-98.7924,-138.7924,
3.4304,-97.5784,-137.5784,
3.4307,-98.077,-138.077,
3.431,-98.6544,-138.6544,
3.4313,-98.2107,-138.2107,
3.4316,-97.7955,-137.7955,
3.4319,-99.0282,-139.0282,
3.4322,-99.3451,-139.3451,
3.4325,-98.726,-138.726,
3.4328,-99.4854,-139.4854,
3.4331,-98.3145,-138.3145,
3.4334,-100.2066,-140.2066,
3.4337,-98.7583,-138.7583,
3.434,-98.6064,-138.6064,
3.4343,-99.8479,-139.8479,
3.4346,-99.0873,-139.0873,
3.4349,-97.003,-137.003,
3.4352,-98.0641,-138.0641,
3.4355,-98.2583,-138.2583,
3.4358,-98.9504,-138.9504,
3.4361,-99.2317,-139.2317,
3.4364,-101.0625,-141.0625,
3.4367,-99.5548,-139.5548,
3.437,-100.92,-140.92,
3.4373,-98.6001,-138.6001,
3.4376,-97.0425,-137.0425,
3.4379,-98.3796,-138.3796,
3.4382,-99.9052,-139.9052,
3.4385,-99.9787,-139.9787,
3.4388,-99.0684,-139.0684,
3.4391,-97.3723,-137.3723,
3.4394,-98.1616,-138.1616,
3.4397,-98.8028,-138.8028,
3.44,-100.3649,-140.3649,
3.4403,-99.9626,-139.9626,
3.4406,-98.8593,-138.8593,
3.4409,-98.7261,-138.7261,
3.4412,-97.0827,-137.0827,
3.4415,-96.6877,-136.6877,
3.4418,-100.6378,-140.6378,
3.4421,-99.7428,-139.7428,
3.4424,-99.3374,-139.3374,
3.4427,-98.8948,-138.8948,
3.443,-96.2499,-136.2499,
3.4433,-99.1018,-139.1018,
3.4436,-98.5391,-138.5391,
3.4439,-98.9173,-138.9173,
3.4442,-98.7574,-138.7574,
3.4445,-97.952,-137.952,
3.4448,-101.0991,-141.0991,
3.4451,-99.8756,-139.8756,
3.4454,-99.9277,-139.9277,
3.4457,-97.0489,-137.0489,
3.446,-99.5302,-139.5302,
3.4463,-98.8679,-138.8679,
3.4466,-99.7729,-139.7729,
3.4469,-99.0709,-139.0709,
3.4472,-100.0234,-140.0234,
3.4475,-99.1342,-139.1342,
3.4478,-100.3434,-140.3434,
3.4481,-99.194,-139.194,
3.4484,-97.0975,-137.0976,
3.4487,-100.911,-140.911,
3.449,-99.9739,-139.9739,
3.4493,-98.001,-138.001,
3.4496,-101.6915,-141.6915,
3.4499,-98.2456,-138.2456,
3.4502,-98.5612,-138.5612,
3.4505,-101.2416,-141.2416,
3.4508,-101.3593,-141.3593,
3.4511,-99.035,-139.035,
3.4514,-97.9881,-137.9881,
3.4517,-99.1115,-139.1115,
3.452,-101.7095,-141.7095,
3.4523,-99.6529,-139.6529,
3.4526,-98.103,-138.103,
3.4529,-99.6468,-139.6468,
3.4532,-99.8788,-139.8788,
3.4535,-101.9689,-141.9689,
3.4538,-98.4664,-138.4664,
3.4541,-99.8839,-139.8839,
3.4544,-100.4385,-140.4385,
3.4547,-97.8777,-137.8777,
3.455,-97.1611,-137.1611,
3.4553,-97.1531,-137.1531,
3.4556,-98.8616,-138.8616,
3.4559,-102.0306,-142.0306,
3.4562,-97.7949,-137.7949,
3.4565,-97.5358,-137.5358,
3.4568,-99.5094,-139.5094,
3.4571,-98.3794,-138.3794,
3.4574,-98.8596,-138.8596,
3.4577,-99.5267,-139.5267,
3.458,-98.0291,-138.0291,
3.4583,-99.0194,-139.0194,
3.4586,-99.8032,-139.8032,
3.4589,-98.9525,-138.9525,
3.4592,-99.6244,-139.6244,
3.4595,-98.4178,-138.4178,
3.4598,-98.5088,-138.5088,
3.4601,-98.9844,-138.9844,
3.4604,-98.6063,-138.6063,
3.4607,-97.7473,-137.7473,
3.461,-99.202,-139.202,
3.4613,-99.207,-139.207,
3.4616,-98.3519,-138.3519,
3.4619,-98.934,-138.934,
3.4622,-97.9844,-137.9844,
3.4625,-98.4612,-138.4612,
3.4628,-101.958,-141.958,
3.4631,-99.0911,-139.0911,
3.4634,-99.0286,-139.0286,
3.4637,-98.0899,-138.0899,
3.464,-99.4207,-139.4207,
3.4643,-99.1457,-139.1456,
3.4646,-99.9669,-139.9669,
3.4649,-100.7645,-140.7645,
3.4652,-99.9038,-139.9038,
3.4655,-98.5706,-138.5706,
3.4658,-99.0387,-139.0387,
3.4661,-97.9317,-137.9316,
3.4664,-98.9784,-138.9784,
3.4667,-98.0036,-138.0036,
3.467,-97.4255,-137.4255,
3.4673,-97.6637,-137.6637,
3.4676,-99.6576,-139.6576,
3.4679,-99.4562,-139.4562,
3.4682,-100.944,-140.944,
3.4685,-99.6555,-139.6555,
3.4688,-99.9476,-139.9476,
3.4691,-98.3826,-138.3826,
3.4694,-97.5354,-137.5354,
3.4697,-97.3372,-137.3372,
3.47,-100.6324,-140.6324,
3.4703,-99.6664,-139.6664,
3.4706,-100.8525,-140.8525,
3.4709,-97.8584,-137.8584,
3.4712,-98.6704,-138.6704,
3.4715,-99.1892,-139.1892,
3.4718,-99.4674,-139.4674,
3.4721,-100.6179,-140.6179,
3.4724,-100.5103,-140.5103,
3.4727,-98.7299,-138.7299,
3.473,-97.7946,-137.7946,
3.4733,-101.1954,-141.1954,
3.4736,-97.8804,-137.8804,
3.4739,-99.4207,-139.4207,
3.4742,-99.0088,-139.0088,
3.4745,-99.5522,-139.5522,
3.4748,-100.5807,-140.5807,
3.4751,-99.9593,-139.9593,
3.4754,-98.5854,-138.5854,
3.4757,-99.6252,-139.6252,
3.476,-98.0679,-138.0679,
3.4763,-98.5623,-138.5623,
3.4766,-99.0822,-139.0822,
3.4769,-98.7285,-138.7285,
3.4772,-99.2698,-139.2698,
3.4775,-100.1346,-140.1346,
3.4778,-100.8498,-140.8498,
3.4781,-98.4167,-138.4167,
3.4784,-100.3558,-140.3558,
3.4787,-99.7189,-139.7189,
3.479,-99.7486,-139.7486,
3.4793,-99.0161,-139.0161,
3.4796,-101.938,-141.938,
3.4799,-100.9528,-140.9528,
3.4802,-98.9167,-138.9167,
3.4805,-98.2831,-138.2831,
3.4808,-101.1891,-141.1891,
3.4811,-100.9506,-140.9506,
3.4814,-98.9513,-138.9513,
3.4817,-99.7279,-139.7279,
3.482,-99.936,-139.936,
3.4823,-100.7277,-140.7277,
3.4826,-98.4339,-138.4339,
3.4829,-99.313,-139.313,
3.4832,-98.8992,-138.8992,
3.4835,-98.8902,-138.8902,
3.4838,-99.4957,-139.4957,
3.4841,-99.5799,-139.5799,
3.4844,-99.2045,-139.2045,
3.4847,-100.0403,-140.0403,
3.485,-99.4564,-139.4564,
3.4853,-99.172,-139.172,
3.4856,-100.878,-140.878,
3.4859,-99.7523,-139.7523,
3.4862,-101.4464,-141.4464,
3.4865,-98.7389,-138.7389,
3.4868,-99.6179,-139.6179,
3.4871,-99.9908,-139.9908,
3.4874,-98.0374,-138.0374,
3.4877,-98.2886,-138.2886,
3.488,-100.0024,-140.0024,
3.4883,-98.2595,-138.2595,
3.4886,-99.2188,-139.2188,
3.4889,-98.2845,-138.2845,
3.4892,-99.5411,-139.5411,
3.4895,-100.062,-140.062,
3.4898,-99.2478,-139.2478,
3.4901,-100.3209,-140.3209,
3.4904,-98.3902,-138.3902,
3.4907,-99.2167,-139.2167,
3.491,-98.626,-138.626,
3.4913,-99.6245,-139.6245,
3.4916,-98.834,-138.834,
3.4919,-101.0662,-141.0662,
3.4922,-100.7332,-140.7332,
3.4925,-100.7776,-140.7776,
3.4928,-99.5029,-139.5029,
3.4931,-97.9813,-137.9813,
3.4934,-100.2078,-140.2078,
3.4937,-98.7733,-138.7733,
3.494,-98.343,-138.343,
3.4943,-97.2945,-137.2945,
3.4946,-98.9809,-138.9809,
3.4949,-99.5644,-139.5644,
3.4952,-98.4439,-138.4439,
3.4955,-97.7615,-137.7615,
3.4958,-99.2777,-139.2777,
3.4961,-100.0014,-140.0014,
3.4964,-98.4797,-138.4797,
3.4967,-99.1461,-139.1461,
3.497,-99.0277,-139.0277,
3.4973,-99.7285,-139.7285,
3.4976,-97.9257,-137.9257,
3.4979,-100.5298,-140.5298,
3.4982,-100.5618,-140.5618,
3.4985,-99.7149,-139.7149,
3.4988,-98.8367,-138.8367,
3.4991,-100.0334,-140.0334,
3.4994,-97.225,-137.225,
3.4997,-99.8746,-139.8746,
3.5,-100.0492,-140.0492,
3.5003,-99.2464,-139.2464,
3.5006,-99.6709,-139.6709,
3.5009,-100.2312,-140.2312,
3.5012,-99.5268,-139.5268,
3.5015,-100.1419,-140.1419,
3.5018,-99.7511,-139.7511,
3.5021,-100.4582,-140.4582,
3.5024,-101.0839,-141.0839,
3.5027,-101.396,-141.396,
3.503,-99.2328,-139.2328,
3.5033,-98.2457,-138.2457,
3.5036,-98.2725,-138.2725,
3.5039,-101.4903,-141.4903,
3.5042,-98.0674,-138.0675,
3.5045,-100.791,-140.791,
3.5048,-99.3788,-139.3788,
3.5051,-100.8605,-140.8605,
3.5054,-98.7319,-138.7319,
3.5057,-98.8751,-138.8751,
3.506,-98.4626,-138.4626,
3.5063,-99.4516,-139.4516,
3.5066,-98.7373,-138.7373,
3.5069,-100.4017,-140.4017,
3.5072,-99.0953,-139.0953,
3.5075,-100.6596,-140.6596,
3.5078,-99.8722,-139.8722,
3.5081,-101.1286,-141.1286,
3.5084,-98.9394,-138.9394,
3.5087,-100.7145,-140.7145,
3.509,-100.9464,-140.9464,
3.5093,-99.5143,-139.5143,
3.5096,-99.0231,-139.0231,
3.5099,-100.622,-140.622,
3.5102,-98.9689,-138.9689,
3.5105,-99.2976,-139.2976,
3.5108,-99.6597,-139.6597,
3.5111,-99.9709,-139.9709,
3.5114,-98.7217,-138.7217,
3.5117,-99.1094,-139.1094,
3.512,-101.7516,-141.7516,
3.5123,-98.6696,-138.6696,
3.5126,-99.0608,-139.0608,
3.5129,-99.0081,-139.0081,
3.5132,-99.2384,-139.2384,
3.5135,-100.7587,-140.7587,
3.5138,-100.1015,-140.1015,
3.5141,-98.4555,-138.4555,
3.5144,-98.4388,-138.4388,
3.5147,-99.1046,-139.1046,
3.515,-99.626,-139.626,
3.5153,-99.0266,-139.0266,
3.5156,-99.5041,-139.5041,
3.5159,-99.4623,-139.4623,
3.5162,-99.8061,-139.8061,
3.5165,-99.037,-139.037,
3.5168,-99.5626,-139.5626,
3.5171,-100.1289,-140.1289,
3.5174,-100.9148,-140.9148,
3.5177,-98.6422,-138.6422,
3.518,-99.0388,-139.0388,
3.5183,-99.8139,-139.8139,
3.5186,-99.2092,-139.2092,
3.5189,-98.3733,-138.3733,
3.5192,-100.2188,-140.2188,
3.5195,-99.3003,-139.3003,
3.5198,-98.4186,-138.4186,
3.5201,-101.6594,-141.6594,
3.5204,-99.1893,-139.1893,
3.5207,-99.0282,-139.0283,
3.521,-98.5356,-138.5356,
3.5213,-98.5291,-138.5291,
3.5216,-99.2168,-139.2168,
3.5219,-99.3865,-139.3865,
3.5222,-100.0043,-140.0043,
3.5225,-100.0117,-140.0117,
3.5228,-100.0125,-140.0125,
3.5231,-98.179,-138.179,
3.5234,-99.4622,-139.4622,
3.5237,-100.4987,-140.4987,
3.524,-98.6388,-138.6388,
3.5243,-100.1225,-140.1225,
3.5246,-99.4416,-139.4416,
3.5249,-100.9051,-140.9051,
3.5252,-97.7046,-137.7046,
3.5255,-101.2269,-141.2269,
3.5258,-99.1661,-139.1661,
3.5261,-99.7679,-139.7679,
3.5264,-99.8647,-139.8647,
3.5267,-99.2195,-139.2195,
3.527,-98.9085,-138.9085,
3.5273,-99.4998,-139.4998,
3.5276,-97.7958,-137.7958,
3.5279,-98.0547,-138.0547,
3.5282,-99.7245,-139.7245,
3.5285,-101.1191,-141.1191,
3.5288,-99.5361,-139.5361,
3.5291,-100.2973,-140.2973,
3.5294,-98.5607,-138.5607,
3.5297,-101.2982,-141.2982,
3.53,-100.359,-140.359,
3.5303,-99.5429,-139.5429,
3.5306,-98.9569,-138.9569,
3.5309,-99.7752,-139.7752,
3.5312,-98.7723,-138.7723,
3.5315,-99.7247,-139.7247,
3.5318,-100.1333,-140.1333,
3.5321,-99.7246,-139.7246,
3.5324,-100.4624,-140.4624,
3.5327,-99.4,-139.4,
3.533,-100.5207,-140.5207,
3.5333,-99.8544,-139.8544,
3.5336,-98.5512,-138.5512,
3.5339,-98.8309,-138.8309,
3.5342,-98.0481,-138.0481,
3.5345,-100.2841,-140.2841,
3.5348,-100.5794,-140.5794,
3.5351,-100.027,-140.027,
3.5354,-99.6629,-139.6629,
3.5357,-97.9139,-137.9139,
3.536,-98.8675,-138.8675,
3.5363,-99.8136,-139.8136,
3.5366,-98.3433,-138.3433,
3.5369,-98.2062,-138.2062,
3.5372,-100.9132,-140.9132,
3.5375,-98.0204,-138.0204,
3.5378,-98.0962,-138.0962,
3.5381,-99.6856,-139.6856,
3.5384,-99.4205,-139.4205,
3.5387,-98.4962,-138.4962,
3.539,-100.7503,-140.7503,
3.5393,-100.2914,-140.2914,
3.5396,-98.5428,-138.5428,
3.5399,-99.1541,-139.1541,
3.5402,-97.7735,-137.7735,
3.5405,-97.7261,-137.7261,
3.5408,-100.2019,-140.2019,
3.5411,-99.4939,-139.4939,
3.5414,-99.0253,-139.0253,
3.5417,-98.8694,-138.8694,
3.542,-99.9599,-139.9599,
3.5423,-99.6704,-139.6704,
3.5426,-97.5126,-137.5126,
3.5429,-99.4662,-139.4662,
3.5432,-98.8881,-138.8881,
3.5435,-98.8251,-138.8251,
3.5438,-99.538,-139.538,
3.5441,-97.6126,-137.6126,
3.5444,-98.5409,-138.5409,
3.5447,-99.0756,-139.0756,
3.545,-96.4367,-136.4367,
3.5453,-97.7372,-137.7372,
3.5456,-97.9674,-137.9674,
3.5459,-98.2873,-138.2873,
3.5462,-98.5975,-138.5975,
3.5465,-99.2642,-139.2642,
3.5468,-97.3661,-137.3661,
3.5471,-98.437,-138.437,
3.5474,-98.4861,-138.4862,
3.5477,-99.4408,-139.4408,
3.548,-99.7129,-139.7129,
3.5483,-99.7306,-139.7306,
3.5486,-99.5446,-139.5446,
3.5489,-98.821,-138.821,
3.5492,-97.9507,-137.9507,
3.5495,-98.8034,-138.8034,
3.5498,-100.4264,-140.4264,
3.5501,-97.8783,-137.8783,
3.5504,-98.6455,-138.6455,
3.5507,-99.2024,-139.2024,
3.551,-100.9315,-140.9315,
3.5513,-98.6525,-138.6525,
3.5516,-98.9628,-138.9628,
3.5519,-99.3616,-139.3616,
3.5522,-98.3577,-138.3577,
3.5525,-100.409,-140.409,
3.5528,-99.7808,-139.7808,
3.5531,-101.1927,-141.1927,
3.5534,-99.7407,-139.7407,
3.5537,-98.7525,-138.7525,
3.554,-99.7288,-139.7288,
3.5543,-99.5742,-139.5742,
3.5546,-97.9626,-137.9626,
3.5549,-98.9739,-138.9739,
3.5552,-99.2731,-139.2731,
3.5555,-99.1384,-139.1384,
3.5558,-99.0822,-139.0822,
3.5561,-98.8421,-138.8421,
3.5564,-99.3472,-139.3472,
3.5567,-99.9581,-139.9581,
3.557,-97.3656,-137.3656,
3.5573,-99.0301,-139.0301,
3.5576,-97.5233,-137.5233,
3.5579,-99.2853,-139.2853,
3.5582,-98.6165,-138.6165,
3.5585,-99.2441,-139.2441,
3.5588,-99.8814,-139.8814,
3.5591,-98.0582,-138.0582,
3.5594,-98.6453,-138.6453,
3.5597,-99.1116,-139.1116,
3.56,-98.2219,-138.2219,
3.5603,-98.3493,-138.3493,
3.5606,-98.4396,-138.4396,
3.5609,-97.9046,-137.9046,
3.5612,-98.73,-138.73,
3.5615,-97.8123,-137.8123,
3.5618,-100.3902,-140.3902,
3.5621,-98.2092,-138.2092,
3.5624,-99.0769,-139.077,
3.5627,-98.7731,-138.7731,
3.563,-98.7429,-138.7429,
3.5633,-99.1831,-139.1831,
3.5636,-98.4056,-138.4056,
3.5639,-97.4814,-137.4814,
3.5642,-98.7582,-138.7582,
3.5645,-97.9223,-137.9223,
3.5648,-98.9667,-138.9667,
3.5651,-96.933,-136.933,
3.5654,-97.2994,-137.2994,
3.5657,-100.6435,-140.6435,
3.566,-98.6094,-138.6094,
3.5663,-98.3057,-138.3057,
3.5666,-98.2439,-138.2439,
3.5669,-98.7024,-138.7024,
3.5672,-99.28,-139.28,
3.5675,-97.012,-137.012,
3.5678,-97.9262,-137.9262,
3.5681,-98.9917,-138.9917,
3.5684,-98.8803,-138.8803,
3.5687,-99.7274,-139.7274,
3.569,-100.991,-140.991,
3.5693,-97.9115,-137.9115,
3.5696,-98.7383,-138.7383,
3.5699,-98.0915,-138.0915,
3.5702,-97.8818,-137.8818,
3.5705,-98.8532,-138.8532,
3.5708,-99.2162,-139.2162,
3.5711,-97.1354,-137.1354,
3.5714,-98.928,-138.928,
3.5717,-99.0624,-139.0624,
3.572,-97.9288,-137.9288,
3.5723,-98.7597,-138.7597,
3.5726,-99.9937,-139.9937,
3.5729,-97.8283,-137.8283,
3.5732,-98.975,-138.975,
3.5735,-98.6864,-138.6864,
3.5738,-98.1705,-138.1705,
3.5741,-97.1624,-137.1624,
3.5744,-98.2417,-138.2417,
3.5747,-99.8614,-139.8614,
3.575,-100.6121,-140.6121,
3.5753,-97.567,-137.567,
3.5756,-98.4951,-138.4951,
3.5759,-99.2412,-139.2412,
3.5762,-99.6395,-139.6395,
3.5765,-99.7344,-139.7344,
3.5768,-98.8399,-138.8399,
3.5771,-97.5563,-137.5563,
3.5774,-99.2446,-139.2446,
3.5777,-99.2797,-139.2797,
3.578,-99.3731,-139.3731,
3.5783,-99.0852,-139.0852,
3.5786,-98.2459,-138.2459,
3.5789,-97.2557,-137.2557,
3.5792,-99.0427,-139.0427,
3.5795,-97.3197,-137.3197,
3.5798,-98.8965,-138.8965,
3.5801,-98.3653,-138.3653,
3.5804,-97.3707,-137.3707,
3.5807,-98.782,-138.782,
3.581,-97.5083,-137.5083,
3.5813,-99.6077,-139.6077,
3.5816,-97.3784,-137.3784,
3.5819,-98.4215,-138.4215,
3.5822,-98.4844,-138.4844,
3.5825,-97.8371,-137.8371,
3.5828,-99.9348,-139.9348,
3.5831,-99.6996,-139.6996,
3.5834,-98.2984,-138.2984,
3.5837,-99.5508,-139.5508,
3.584,-97.9195,-137.9195,
3.5843,-100.4473,-140.4473,
3.5846,-97.9441,-137.9441,
3.5849,-99.7722,-139.7722,
3.5852,-100.4539,-140.4539,
3.5855,-97.2295,-137.2295,
3.5858,-98.1667,-138.1667,
3.5861,-98.1866,-138.1866,
3.5864,-98.6652,-138.6652,
3.5867,-97.5615,-137.5615,
3.587,-98.2782,-138.2782,
3.5873,-97.8906,-137.8906,
3.5876,-97.6514,-137.6515,
3.5879,-99.2175,-139.2175,
3.5882,-98.0708,-138.0708,
3.5885,-99.4648,-139.4648,
3.5888,-96.0694,-136.0694,
3.5891,-100.5015,-140.5015,
3.5894,-99.5054,-139.5054,
3.5897,-99.6274,-139.6274,
3.59,-98.5306,-138.5306,
3.5903,-98.4444,-138.4444,
3.5906,-100.1797,-140.1797,
3.5909,-99.4705,-139.4705,
3.5912,-97.6521,-137.6521,
3.5915,-98.6955,-138.6955,
3.5918,-98.0132,-138.0132,
3.5921,-100.0776,-140.0776,
3.5924,-98.1972,-138.1972,
3.5927,-98.719,-138.719,
3.593,-98.0849,-138.0849,
3.5933,-99.3354,-139.3354,
3.5936,-98.8239,-138.8239,
3.5939,-97.4226,-137.4226,
3.5942,-98.1328,-138.1328,
3.5945,-98.9276,-138.9276,
3.5948,-98.5644,-138.5644,
3.5951,-99.2311,-139.2311,
3.5954,-98.7445,-138.7445,
3.5957,-99.1093,-139.1093,
3.596,-99.5257,-139.5257,
3.5963,-99.0253,-139.0253,
3.5966,-98.9563,-138.9563,
3.5969,-98.1397,-138.1397,
3.5972,-99.2989,-139.2989,
3.5975,-98.2317,-138.2317,
3.5978,-98.6878,-138.6878,
3.5981,-99.0941,-139.0941,
3.5984,-98.1485,-138.1485,
3.5987,-97.9932,-137.9932,
3.599,-99.7238,-139.7238,
3.5993,-97.4251,-137.4251,
3.5996,-99.1554,-139.1554,
3.5999,-98.9614,-138.9614,
3.6002,-99.0642,-139.0642,
3.6005,-98.1201,-138.1201,
3.6008,-98.2308,-138.2308,
3.6011,-98.9366,-138.9366,
3.6014,-98.0757,-138.0757,
3.6017,-99.853,-139.853,
3.602,-97.7611,-137.7611,
3.6023,-98.7842,-138.7842,
3.6026,-100.0792,-140.0792,
3.6029,-98.9008,-138.9008,
3.6032,-99.0404,-139.0404,
3.6035,-97.2382,-137.2382,
3.6038,-100.5812,-140.5812,
3.6041,-96.2476,-136.2476,
3.6044,-98.8234,-138.8234,
3.6047,-98.7039,-138.7039,
3.605,-100.202,-140.202,
3.6053,-98.6336,-138.6336,
3.6056,-96.3833,-136.3833,
3.6059,-98.1386,-138.1386,
3.6062,-98.4403,-138.4403,
3.6065,-98.643,-138.643,
3.6068,-100.2197,-140.2197,
3.6071,-98.7309,-138.7309,
3.6074,-96.9398,-136.9398,
3.6077,-100.5955,-140.5955,
3.608,-98.8582,-138.8582,
3.6083,-97.8942,-137.8942,
3.6086,-98.4191,-138.4191,
3.6089,-99.3684,-139.3684,
3.6092,-99.3737,-139.3737,
3.6095,-98.6324,-138.6324,
3.6098,-97.2877,-137.2877,
3.6101,-100.0449,-140.0449,
3.6104,-98.2475,-138.2475,
3.6107,-97.8359,-137.8359,
3.611,-99.5179,-139.5179,
3.6113,-97.2204,-137.2204,
3.6116,-97.895,-137.895,
3.6119,-100.9205,-140.9205,
3.6122,-98.1064,-138.1064,
3.6125,-98.3856,-138.3856,
3.6128,-98.0314,-138.0314,
3.6131,-101.0888,-141.0888,
3.6134,-97.638,-137.638,
3.6137,-99.1272,-139.1272,
3.614,-98.6706,-138.6706,
3.6143,-97.3908,-137.3908,
3.6146,-97.6337,-137.6337,
3.6149,-97.7618,-137.7618,
3.6152,-98.7053,-138.7053,
3.6155,-99.7967,-139.7967,
3.6158,-98.0728,-138.0728,
3.6161,-98.9221,-138.9221,
3.6164,-97.7289,-137.7289,
3.6167,-97.4874,-137.4874,
3.617,-96.6714,-136.6714,
3.6173,-97.1824,-137.1824,
3.6176,-98.644,-138.644,
3.6179,-97.809,-137.809,
3.6182,-97.7805,-137.7805,
3.6185,-98.223,-138.223,
3.6188,-98.1208,-138.1208,
3.6191,-98.8566,-138.8566,
3.6194,-99.7614,-139.7614,
3.6197,-98.2545,-138.2545,
3.62,-99.0105,-139.0105,
3.6203,-98.1305,-138.1305,
3.6206,-97.4016,-137.4016,
3.6209,-97.882,-137.882,
3.6212,-96.9869,-136.9869,
3.6215,-99.3321,-139.3321,
3.6218,-98.5435,-138.5435,
3.6221,-99.4197,-139.4197,
3.6224,-98.426,-138.426,
3.6227,-97.6512,-137.6512,
3.623,-96.8452,-136.8452,
3.6233,-97.7883,-137.7883,
3.6236,-99.49,-139.49,
3.6239,-98.8457,-138.8457,
3.6242,-97.9595,-137.9595,
3.6245,-99.4652,-139.4652,
3.6248,-99.5064,-139.5064,
3.6251,-98.8,-138.8,
3.6254,-98.8093,-138.8093,
3.6257,-96.4315,-136.4315,
3.626,-97.6462,-137.6462,
3.6263,-99.253,-139.253,
3.6266,-101.0951,-141.0951,
3.6269,-97.2463,-137.2463,
3.6272,-98.394,-138.394,
3.6275,-98.3081,-138.3081,
3.6278,-98.5964,-138.5964,
3.6281,-99.6031,-139.6031,
3.6284,-98.337,-138.337,
3.6287,-98.9566,-138.9566,
3.629,-99.2675,-139.2675,
3.6293,-98.2166,-138.2166,
3.6296,-97.4373,-137.4373,
3.6299,-99.298,-139.298,
3.6302,-98.4102,-138.4102,
3.6305,-98.1266,-138.1266,
3.6308,-99.2006,-139.2006,
3.6311,-97.2576,-137.2576,
3.6314,-98.7188,-138.7188,
3.6317,-97.6774,-137.6774,
3.632,-98.2745,-138.2745,
3.6323,-99.1666,-139.1666,
3.6326,-99.3075,-139.3075,
3.6329,-98.75,-138.75,
3.6332,-97.7999,-137.7998,
3.6335,-98.7969,-138.7969,
3.6338,-98.4264,-138.4264,
3.6341,-98.35,-138.35,
3.6344,-100.4904,-140.4904,
3.6347,-98.0304,-138.0304,
3.635,-98.2654,-138.2654,
3.6353,-99.0656,-139.0656,
3.6356,-98.3984,-138.3984,
3.6359,-97.5878,-137.5878,
3.6362,-99.6829,-139.6829,
3.6365,-98.7027,-138.7027,
3.6368,-98.8813,-138.8813,
3.6371,-98.3718,-138.3718,
3.6374,-97.0735,-137.0735,
3.6377,-97.4308,-137.4308,
3.638,-98.082,-138.082,
3.6383,-97.3338,-137.3338,
3.6386,-99.1555,-139.1555,
3.6389,-98.7899,-138.7899,
3.6392,-98.3758,-138.3758,
3.6395,-98.9319,-138.9319,
3.6398,-98.586,-138.586,
3.6401,-97.2732,-137.2732,
3.6404,-98.9258,-138.9258,
3.6407,-98.2325,-138.2325,
3.641,-99.0865,-139.0865,
3.6413,-99.194,-139.194,
3.6416,-97.2591,-137.2591,
3.6419,-98.3148,-138.3148,
3.6422,-100.2012,-140.2012,
3.6425,-98.1269,-138.1269,
3.6428,-97.1389,-137.1389,
3.6431,-96.8241,-136.8241,
3.6434,-97.5613,-137.5613,
3.6437,-98.3723,-138.3723,
3.644,-98.5958,-138.5958,
3.6443,-100.6664,-140.6664,
3.6446,-98.574,-138.574,
3.6449,-97.5263,-137.5263,
3.6452,-97.4059,-137.4059,
3.6455,-98.9715,-138.9715,
3.6458,-98.4865,-138.4865,
3.6461,-99.7742,-139.7742,
3.6464,-96.8741,-136.8741,
3.6467,-98.3851,-138.3852,
3.647,-98.3264,-138.3263,
3.6473,-99.042,-139.042,
3.6476,-98.2317,-138.2317,
3.6479,-97.8765,-137.8765,
3.6482,-97.6029,-137.6029,
3.6485,-96.5375,-136.5375,
3.6488,-96.0926,-136.0926,
3.6491,-98.5776,-138.5776,
3.6494,-98.01,-138.01,
3.6497,-99.7843,-139.7843,
3.65,-99.3171,-139.3171,
3.6503,-98.6423,-138.6423,
3.6506,-98.3885,-138.3885,
3.6509,-99.063,-139.063,
3.6512,-97.3928,-137.3928,
3.6515,-97.8358,-137.8358,
3.6518,-98.1355,-138.1355,
3.6521,-98.8156,-138.8156,
3.6524,-97.9406,-137.9406,
3.6527,-100.2062,-140.2062,
3.653,-98.7683,-138.7683,
3.6533,-98.8462,-138.8462,
3.6536,-99.2167,-139.2167,
3.6539,-99.3747,-139.3747,
3.6542,-97.9068,-137.9068,
3.6545,-98.2188,-138.2188,
3.6548,-97.621,-137.621,
3.6551,-98.1339,-138.1339,
3.6554,-98.1928,-138.1928,
3.6557,-98.2709,-138.2709,
3.656,-98.1885,-138.1885,
3.6563,-97.6938,-137.6938,
3.6566,-97.9109,-137.9109,
3.6569,-99.7035,-139.7035,
3.6572,-99.3353,-139.3353,
3.6575,-99.2408,-139.2408,
3.6578,-98.1379,-138.1379,
3.6581,-99.1651,-139.1651,
3.6584,-99.9132,-139.9132,
3.6587,-96.7287,-136.7287,
3.659,-99.0063,-139.0063,
3.6593,-99.9989,-139.9989,
3.6596,-99.8266,-139.8266,
3.6599,-98.8721,-138.8721,
3.6602,-98.6851,-138.6851,
3.6605,-98.9221,-138.9221,
3.6608,-99.6975,-139.6975,
3.6611,-100.1061,-140.1061,
3.6614,-98.0466,-138.0466,
3.6617,-97.723,-137.723,
3.662,-98.4655,-138.4656,
3.6623,-99.0567,-139.0567,
3.6626,-101.087,-141.087,
3.6629,-99.4766,-139.4766,
3.6632,-99.4637,-139.4637,
3.6635,-97.4744,-137.4744,
3.6638,-100.3399,-140.3399,
3.6641,-98.6958,-138.6958,
3.6644,-98.6439,-138.6439,
3.6647,-98.732,-138.732,
3.665,-98.992,-138.992,
3.6653,-97.8848,-137.8848,
3.6656,-98.2468,-138.2468,
3.6659,-98.9034,-138.9034,
3.6662,-99.3421,-139.3421,
3.6665,-97.747,-137.747,
3.6668,-100.2026,-140.2026,
3.6671,-96.4789,-136.4789,
3.6674,-99.0892,-139.0892,
3.6677,-99.8442,-139.8442,
3.668,-98.2986,-138.2986,
3.6683,-98.4211,-138.4211,
3.6686,-98.8197,-138.8197,
3.6689,-97.2616,-137.2616,
3.6692,-99.1684,-139.1684,
3.6695,-99.0198,-139.0198,
3.6698,-98.6924,-138.6924,
3.6701,-97.5529,-137.5529,
3.6704,-96.3732,-136.3732,
3.6707,-98.5684,-138.5684,
3.671,-99.5238,-139.5238,
3.6713,-98.0112,-138.0112,
3.6716,-98.077,-138.077,
3.6719,-97.349,-137.349,
3.6722,-98.4068,-138.4068,
3.6725,-99.061,-139.061,
3.6728,-99.0515,-139.0515,
3.6731,-98.6376,-138.6376,
3.6734,-98.496,-138.496,
3.6737,-98.2866,-138.2867,
3.674,-97.8552,-137.8552,
3.6743,-98.6545,-138.6545,
3.6746,-99.0598,-139.0598,
3.6749,-97.6605,-137.6605,
3.6752,-98.8442,-138.8442,
3.6755,-97.7051,-137.7051,
3.6758,-97.6643,-137.6643,
3.6761,-97.5983,-137.5983,
3.6764,-97.8529,-137.8528,
3.6767,-99.4685,-139.4685,
3.677,-97.9215,-137.9215,
3.6773,-99.4668,-139.4668,
3.6776,-99.1073,-139.1073,
3.6779,-99.0563,-139.0563,
3.6782,-97.6423,-137.6422,
3.6785,-98.1671,-138.1671,
3.6788,-99.2195,-139.2195,
3.6791,-97.0198,-137.0198,
3.6794,-97.6188,-137.6188,
3.6797,-100.2593,-140.2593,
3.68,-98.4284,-138.4284,
3.6803,-98.7348,-138.7348,
3.6806,-98.5183,-138.5183,
3.6809,-98.0713,-138.0713,
3.6812,-98.1827,-138.1827,
3.6815,-97.2156,-137.2156,
3.6818,-99.5059,-139.5059,
3.6821,-100.4741,-140.4741,
3.6824,-98.6338,-138.6338,
3.6827,-97.3615,-137.3615,
3.683,-98.1785,-138.1785,
3.6833,-98.3039,-138.3039,
3.6836,-97.7918,-137.7918,
3.6839,-98.4317,-138.4317,
3.6842,-98.756,-138.756,
3.6845,-97.3905,-137.3904,
3.6848,-98.4925,-138.4925,
3.6851,-98.4751,-138.4751,
3.6854,-99.6413,-139.6413,
3.6857,-99.601,-139.601,
3.686,-99.9556,-139.9556,
3.6863,-98.6309,-138.6309,
3.6866,-99.094,-139.094,
3.6869,-98.6531,-138.6531,
3.6872,-99.9877,-139.9877,
3.6875,-98.7406,-138.7406,
3.6878,-98.5295,-138.5295,
3.6881,-100.2349,-140.2349,
3.6884,-97.8507,-137.8507,
3.6887,-97.3372,-137.3372,
3.689,-98.3324,-138.3324,
3.6893,-97.6248,-137.6248,
3.6896,-98.665,-138.665,
3.6899,-96.1009,-136.1009,
3.6902,-100.2912,-140.2912,
3.6905,-99.4229,-139.4229,
3.6908,-97.5887,-137.5887,
3.6911,-98.4437,-138.4437,
3.6914,-98.1141,-138.1141,
3.6917,-98.8661,-138.8661,
3.692,-97.7154,-137.7154,
3.6923,-97.697,-137.697,
3.6926,-99.1749,-139.1749,
3.6929,-98.4448,-138.4448,
3.6932,-98.1077,-138.1077,
3.6935,-97.8058,-137.8057,
3.6938,-97.7879,-137.7879,
3.6941,-97.53,-137.53,
3.6944,-96.7778,-136.7778,
3.6947,-98.834,-138.834,
3.695,-98.3582,-138.3582,
3.6953,-97.2962,-137.2962,
3.6956,-95.9083,-135.9083,
3.6959,-98.5972,-138.5972,
3.6962,-97.8137,-137.8137,
3.6965,-99.2345,-139.2345,
3.6968,-97.8747,-137.8747,
3.6971,-99.4977,-139.4977,
3.6974,-97.5944,-137.5944,
3.6977,-98.5172,-138.5172,
3.698,-97.974,-137.974,
3.6983,-100.7626,-140.7626,
3.6986,-97.477,-137.477,
3.6989,-96.1458,-136.1458,
3.6992,-97.9886,-137.9886,
3.6995,-99.5333,-139.5333,
3.6998,-101.3331,-141.3331,
3.7001,-97.4602,-137.4602,
3.7004,-97.3104,-137.3104,
3.7007,-97.3824,-137.3824,
3.701,-100.1245,-140.1245,
3.7013,-98.1115,-138.1115,
3.7016,-99.252,-139.252,
3.7019,-98.5378,-138.5378,
3.7022,-99.6597,-139.6597,
3.7025,-97.5888,-137.5888,
3.7028,-100.0044,-140.0044,
3.7031,-96.6155,-136.6155,
3.7034,-98.4276,-138.4276,
3.7037,-96.6545,-136.6545,
3.704,-97.3323,-137.3323,
3.7043,-97.5522,-137.5522,
3.7046,-99.1147,-139.1147,
3.7049,-98.025,-138.025,
3.7052,-97.8695,-137.8695,
3.7055,-97.2038,-137.2038,
3.7058,-98.4346,-138.4346,
3.7061,-98.9304,-138.9304,
3.7064,-97.6308,-137.6308,
3.7067,-98.5508,-138.5508,
3.707,-98.4135,-138.4135,
3.7073,-97.6539,-137.6539,
3.7076,-97.7246,-137.7246,
3.7079,-98.0645,-138.0645,
3.7082,-98.3254,-138.3254,
3.7085,-97.7126,-137.7126,
3.7088,-97.1316,-137.1316,
3.7091,-96.9547,-136.9547,
3.7094,-96.8732,-136.8732,
3.7097,-96.7527,-136.7527,
3.71,-97.7077,-137.7077,
3.7103,-97.3398,-137.3398,
3.7106,-99.3736,-139.3736,
3.7109,-96.0834,-136.0834,
3.7112,-98.8234,-138.8234,
3.7115,-98.7091,-138.7091,
3.7118,-99.8255,-139.8255,
3.7121,-97.4933,-137.4933,
3.7124,-98.3394,-138.3394,
3.7127,-96.9642,-136.9642,
3.713,-99.9392,-139.9392,
3.7133,-98.1289,-138.1289,
3.7136,-99.1062,-139.1062,
3.7139,-98.6584,-138.6584,
3.7142,-98.6842,-138.6842,
3.7145,-97.9912,-137.9912,
3.7148,-99.4977,-139.4977,
3.7151,-98.3342,-138.3342,
3.7154,-98.8047,-138.8047,
3.7157,-100.3241,-140.3241,
3.716,-96.7423,-136.7423,
3.7163,-97.8771,-137.8771,
3.7166,-97.1536,-137.1536,
3.7169,-97.5925,-137.5925,
3.7172,-97.7815,-137.7815,
3.7175,-96.0748,-136.0748,
3.7178,-99.3697,-139.3697,
3.7181,-99.0168,-139.0168,
3.7184,-97.8527,-137.8527,
3.7187,-97.6281,-137.6281,
3.719,-98.8284,-138.8284,
3.7193,-97.3136,-137.3136,
3.7196,-98.8521,-138.8521,
3.7199,-95.7524,-135.7524,
3.7202,-100.1181,-140.1181,
3.7205,-98.2973,-138.2973,
3.7208,-97.8949,-137.8949,
3.7211,-97.6319,-137.6319,
3.7214,-99.7635,-139.7635,
3.7217,-97.0822,-137.0822,
3.722,-96.649,-136.649,
3.7223,-98.4898,-138.4898,
3.7226,-97.8918,-137.8918,
3.7229,-97.1047,-137.1047,
3.7232,-97.6772,-137.6772,
3.7235,-96.986,-136.986,
3.7238,-96.997,-136.997,
3.7241,-98.2104,-138.2104,
3.7244,-96.5735,-136.5735,
3.7247,-97.6616,-137.6616,
3.725,-95.6575,-135.6575,
3.7253,-97.652,-137.652,
3.7256,-98.2337,-138.2337,
3.7259,-98.1674,-138.1674,
3.7262,-97.2702,-137.2702,
3.7265,-97.3225,-137.3225,
3.7268,-97.4765,-137.4765,
3.7271,-97.4693,-137.4693,
3.7274,-95.7492,-135.7492,
3.7277,-97.2688,-137.2688,
3.728,-98.1037,-138.1037,
3.7283,-99.3752,-139.3752,
3.7286,-96.339,-136.339,
3.7289,-99.2261,-139.2261,
3.7292,-97.2805,-137.2805,
3.7295,-98.2574,-138.2574,
3.7298,-97.7338,-137.7338,
3.7301,-96.7019,-136.7019,
3.7304,-98.5249,-138.5249,
3.7307,-97.7907,-137.7907,
3.731,-97.945,-137.945,
3.7313,-97.3769,-137.3769,
3.7316,-97.8317,-137.8317,
3.7319,-96.4994,-136.4994,
3.7322,-99.3223,-139.3223,
3.7325,-97.5014,-137.5014,
3.7328,-98.6037,-138.6037,
3.7331,-97.983,-137.983,
3.7334,-98.73,-138.73,
3.7337,-97.5783,-137.5783,
3.734,-97.2163,-137.2163,
3.7343,-97.3608,-137.3608,
3.7346,-96.3415,-136.3415,
3.7349,-96.7404,-136.7404,
3.7352,-97.5546,-137.5546,
3.7355,-97.1863,-137.1863,
3.7358,-96.6259,-136.6259,
3.7361,-98.1929,-138.1929,
3.7364,-98.4671,-138.4671,
3.7367,-99.4792,-139.4792,
3.737,-98.0363,-138.0363,
3.7373,-98.1724,-138.1724,
3.7376,-98.6577,-138.6577,
3.7379,-98.4744,-138.4744,
3.7382,-99.0146,-139.0146,
3.7385,-98.1134,-138.1134,
3.7388,-99.7754,-139.7754,
3.7391,-97.6839,-137.6839,
3.7394,-98.3424,-138.3424,
3.7397,-98.2367,-138.2367,
3.74,-97.0721,-137.0721,
3.7403,-98.0441,-138.0441,
3.7406,-97.6914,-137.6914,
3.7409,-95.899,-135.899,
3.7412,-100.1683,-140.1683,
3.7415,-99.0002,-139.0002,
3.7418,-99.2657,-139.2657,
3.7421,-98.8405,-138.8405,
3.7424,-97.0843,-137.0843,
3.7427,-97.0088,-137.0088,
3.743,-97.5503,-137.5503,
3.7433,-96.0009,-136.0009,
3.7436,-98.3274,-138.3274,
3.7439,-98.3865,-138.3865,
3.7442,-99.0238,-139.0238,
3.7445,-100.0065,-140.0065,
3.7448,-97.6578,-137.6578,
3.7451,-98.0329,-138.0329,
3.7454,-98.9322,-138.9323,
3.7457,-97.8829,-137.8829,
3.746,-99.1738,-139.1738,
3.7463,-98.2391,-138.2391,
3.7466,-97.6102,-137.6102,
3.7469,-96.1836,-136.1836,
3.7472,-97.2516,-137.2516,
3.7475,-98.9671,-138.9671,
3.7478,-98.2216,-138.2216,
3.7481,-96.3535,-136.3535,
3.7484,-96.521,-136.521,
3.7487,-98.6735,-138.6735,
3.749,-97.9892,-137.9892,
3.7493,-98.4742,-138.4742,
3.7496,-97.1503,-137.1503,
3.7499,-97.6393,-137.6393,
3.7502,-99.2284,-139.2284,
3.7505,-98.5177,-138.5177,
3.7508,-97.8823,-137.8823,
3.7511,-97.1246,-137.1246,
3.7514,-97.9312,-137.9312,
3.7517,-98.2134,-138.2134,
3.752,-99.6805,-139.6805,
3.7523,-97.4096,-137.4096,
3.7526,-97.1278,-137.1278,
3.7529,-98.2725,-138.2725,
3.7532,-98.4446,-138.4446,
3.7535,-98.2134,-138.2134,
3.7538,-99.7194,-139.7194,
3.7541,-98.1379,-138.1379,
3.7544,-98.9258,-138.9258,
3.7547,-96.6902,-136.6902,
3.755,-99.2752,-139.2752,
3.7553,-98.6237,-138.6237,
3.7556,-97.9178,-137.9178,
3.7559,-98.9412,-138.9412,
3.7562,-98.9047,-138.9047,
3.7565,-99.1188,-139.1189,
3.7568,-99.5786,-139.5786,
3.7571,-98.4658,-138.4658,
3.7574,-97.5645,-137.5645,
3.7577,-98.7106,-138.7106,
3.758,-98.981,-138.981,
3.7583,-98.1453,-138.1453,
3.7586,-98.0891,-138.0891,
3.7589,-98.1626,-138.1626,
3.7592,-96.9468,-136.9468,
3.7595,-98.2961,-138.2961,
3.7598,-98.2588,-138.2588,
3.7601,-99.0718,-139.0718,
3.7604,-98.4839,-138.4839,
3.7607,-98.04,-138.04,
3.761,-99.5683,-139.5684,
3.7613,-97.0748,-137.0748,
3.7616,-96.9695,-136.9695,
3.7619,-98.3208,-138.3208,
3.7622,-98.8563,-138.8563,
3.7625,-98.7399,-138.7399,
3.7628,-98.8057,-138.8057,
3.7631,-98.779,-138.779,
3.7634,-98.8414,-138.8414,
3.7637,-99.2298,-139.2298,
3.764,-97.6319,-137.6318,
3.7643,-98.4208,-138.4208,
3.7646,-97.0676,-137.0676,
3.7649,-98.4982,-138.4982,
3.7652,-98.8487,-138.8487,
3.7655,-97.7641,-137.7641,
3.7658,-98.8326,-138.8326,
3.7661,-97.5301,-137.5301,
3.7664,-98.2518,-138.2518,
3.7667,-97.2061,-137.2061,
3.767,-98.4419,-138.4419,
3.7673,-97.8071,-137.8071,
3.7676,-99.9263,-139.9263,
3.7679,-97.1561,-137.1561,
3.7682,-99.3936,-139.3936,
3.7685,-99.5621,-139.5621,
3.7688,-97.2674,-137.2674,
3.7691,-98.41,-138.41,
3.7694,-97.5132,-137.5132,
3.7697,-99.8433,-139.8433,
3.77,-98.609,-138.609,
3.7703,-98.8388,-138.8388,
3.7706,-96.5142,-136.5142,
3.7709,-98.1312,-138.1312,
3.7712,-98.61,-138.61,
3.7715,-97.1489,-137.1489,
3.7718,-97.9648,-137.9648,
3.7721,-97.8095,-137.8095,
3.7724,-98.6719,-138.6719,
3.7727,-98.017,-138.017,
3.773,-98.6722,-138.6722,
3.7733,-98.9938,-138.9938,
3.7736,-96.0383,-136.0383,
3.7739,-98.1253,-138.1253,
3.7742,-98.5877,-138.5877,
3.7745,-98.3654,-138.3654,
3.7748,-96.2995,-136.2995,
3.7751,-98.231,-138.231,
3.7754,-98.1917,-138.1917,
3.7757,-98.2593,-138.2593,
3.776,-96.9873,-136.9873,
3.7763,-97.5634,-137.5634,
3.7766,-97.6325,-137.6325,
3.7769,-96.8349,-136.8349,
3.7772,-98.6062,-138.6062,
3.7775,-98.554,-138.554,
3.7778,-97.3013,-137.3013,
3.7781,-99.432,-139.432,
3.7784,-98.1793,-138.1793,
3.7787,-98.0408,-138.0408,
3.779,-96.7962,-136.7962,
3.7793,-96.6917,-136.6917,
3.7796,-97.751,-137.751,
3.7799,-98.0802,-138.0802,
3.7802,-97.0164,-137.0164,
3.7805,-98.4984,-138.4984,
3.7808,-97.7591,-137.7591,
3.7811,-97.6545,-137.6545,
3.7814,-99.1851,-139.1851,
3.7817,-98.1285,-138.1285,
3.782,-99.0737,-139.0737,
3.7823,-98.8947,-138.8947,
3.7826,-100.4067,-140.4067,
3.7829,-99.6618,-139.6618,
3.7832,-98.8161,-138.8161,
3.7835,-99.6471,-139.6472,
3.7838,-98.2183,-138.2183,
3.7841,-97.265,-137.265,
3.7844,-96.8838,-136.8838,
3.7847,-99.6228,-139.6228,
3.785,-99.5191,-139.5191,
3.7853,-98.3951,-138.3951,
3.7856,-97.0344,-137.0344,
3.7859,-98.8704,-138.8704,
3.7862,-97.3204,-137.3204,
3.7865,-98.0082,-138.0082,
3.7868,-98.2339,-138.2339,
3.7871,-98.8837,-138.8837,
3.7874,-98.3935,-138.3935,
3.7877,-97.9862,-137.9862,
3.788,-98.9296,-138.9296,
3.7883,-99.6019,-139.6019,
3.7886,-98.9888,-138.9889,
3.7889,-98.8717,-138.8717,
3.7892,-99.8371,-139.8371,
3.7895,-99.0111,-139.0111,
3.7898,-99.0237,-139.0237,
3.7901,-98.427,-138.427,
3.7904,-99.6512,-139.6512,
3.7907,-97.8425,-137.8425,
3.791,-97.9593,-137.9593,
3.7913,-98.3869,-138.387,
3.7916,-99.5087,-139.5087,
3.7919,-98.3114,-138.3114,
3.7922,-99.1385,-139.1385,
3.7925,-99.7753,-139.7753,
3.7928,-98.317,-138.317,
3.7931,-98.8538,-138.8538,
3.7934,-100.3128,-140.3128,
3.7937,-97.203,-137.203,
3.794,-99.5615,-139.5615,
3.7943,-99.2362,-139.2362,
3.7946,-97.7723,-137.7723,
3.7949,-97.1142,-137.1142,
3.7952,-98.9512,-138.9512,
3.7955,-98.1907,-138.1907,
3.7958,-99.4931,-139.4931,
3.7961,-99.3976,-139.3976,
3.7964,-99.1847,-139.1847,
3.7967,-97.4193,-137.4194,
3.797,-98.9534,-138.9534,
3.7973,-97.7633,-137.7633,
3.7976,-98.1401,-138.1401,
3.7979,-97.374,-137.374,
3.7982,-96.5483,-136.5483,
3.7985,-98.3746,-138.3746,
3.7988,-98.4716,-138.4716,
3.7991,-98.313,-138.313,
3.7994,-97.5989,-137.5989,
3.7997,-97.3308,-137.3308,
3.8,-98.383,-138.383,
3.8003,-97.6547,-137.6547,
3.8006,-97.7456,-137.7456,
3.8009,-100.8082,-140.8082,
3.8012,-100.158,-140.158,
3.8015,-97.5238,-137.5238,
3.8018,-96.242,-136.242,
3.8021,-99.4492,-139.4492,
3.8024,-97.5713,-137.5713,
3.8027,-98.6889,-138.6889,
3.803,-98.5347,-138.5347,
3.8033,-97.744,-137.744,
3.8036,-100.1379,-140.1379,
3.8039,-97.2669,-137.2669,
3.8042,-100.665,-140.665,
3.8045,-98.3568,-138.3568,
3.8048,-98.7651,-138.7651,
3.8051,-96.3982,-136.3982,
3.8054,-98.6494,-138.6494,
3.8057,-96.7211,-136.7211,
3.806,-97.806,-137.806,
3.8063,-99.8612,-139.8612,
3.8066,-96.7268,-136.7268,
3.8069,-97.6521,-137.6521,
3.8072,-98.6899,-138.6899,
3.8075,-98.2,-138.2,
3.8078,-97.5593,-137.5593,
3.8081,-98.0971,-138.0971,
3.8084,-98.958,-138.958,
3.8087,-98.5057,-138.5057,
3.809,-97.597,-137.597,
3.8093,-96.7014,-136.7014,
3.8096,-98.3513,-138.3513,
3.8099,-97.3385,-137.3385,
3.8102,-97.8089,-137.8089,
3.8105,-96.9493,-136.9493,
3.8108,-97.2168,-137.2168,
3.8111,-99.7804,-139.7804,
3.8114,-96.5354,-136.5354,
3.8117,-96.8588,-136.8588,
3.812,-97.8991,-137.8991,
3.8123,-98.0217,-138.0217,
3.8126,-98.4959,-138.4959,
3.8129,-98.9804,-138.9804,
3.8132,-99.0905,-139.0905,
3.8135,-99.5833,-139.5833,
3.8138,-97.105,-137.105,
3.8141,-100.1359,-140.1359,
3.8144,-98.2943,-138.2943,
3.8147,-97.1456,-137.1456,
3.815,-97.0849,-137.0849,
3.8153,-99.2147,-139.2147,
3.8156,-98.1455,-138.1455,
3.8159,-97.6185,-137.6185,
3.8162,-97.574,-137.574,
3.8165,-97.3829,-137.3829,
3.8168,-98.0731,-138.0731,
3.8171,-96.839,-136.839,
3.8174,-98.6126,-138.6126,
3.8177,-98.7464,-138.7464,
3.818,-98.9371,-138.9371,
3.8183,-98.4555,-138.4555,
3.8186,-96.9306,-136.9306,
3.8189,-97.1392,-137.1392,
3.8192,-97.6146,-137.6146,
3.8195,-98.3291,-138.3291,
3.8198,-97.1434,-137.1434,
3.8201,-97.8247,-137.8247,
3.8204,-97.1867,-137.1867,
3.8207,-97.7363,-137.7363,
3.821,-99.1067,-139.1067,
3.8213,-97.7661,-137.7661,
3.8216,-97.8141,-137.8141,
3.8219,-97.7927,-137.7927,
3.8222,-97.2187,-137.2187,
3.8225,-98.1764,-138.1764,
3.8228,-98.2671,-138.2671,
3.8231,-98.5142,-138.5142,
3.8234,-97.8843,-137.8843,
3.8237,-96.9616,-136.9616,
3.824,-99.8911,-139.8911,
3.8243,-97.4374,-137.4374,
3.8246,-98.7574,-138.7574,
3.8249,-97.9286,-137.9286,
3.8252,-98.1576,-138.1576,
3.8255,-98.2814,-138.2814,
3.8258,-96.5074,-136.5074,
3.8261,-99.135,-139.135,
3.8264,-98.2234,-138.2235,
3.8267,-97.2853,-137.2853,
3.827,-99.0696,-139.0696,
3.8273,-97.3527,-137.3527,
3.8276,-97.6731,-137.6731,
3.8279,-97.837,-137.837,
3.8282,-97.4677,-137.4677,
3.8285,-97.0938,-137.0938,
3.8288,-99.9461,-139.9461,
3.8291,-97.2856,-137.2856,
3.8294,-99.6539,-139.6539,
3.8297,-96.2303,-136.2303,
3.83,-97.3124,-137.3124,
3.8303,-98.5157,-138.5157,
3.8306,-96.8659,-136.8659,
3.8309,-96.8318,-136.8318,
3.8312,-98.8874,-138.8874,
3.8315,-97.8091,-137.8091,
3.8318,-98.5699,-138.5699,
3.8321,-98.4777,-138.4777,
3.8324,-97.1285,-137.1285,
3.8327,-98.0975,-138.0975,
3.833,-98.3438,-138.3438,
3.8333,-98.2766,-138.2766,
3.8336,-97.6688,-137.6688,
3.8339,-97.6646,-137.6646,
3.8342,-98.3412,-138.3412,
3.8345,-98.2934,-138.2934,
3.8348,-95.9325,-135.9325,
3.8351,-95.9725,-135.9725,
3.8354,-97.0366,-137.0366,
3.8357,-98.5732,-138.5732,
3.836,-97.6888,-137.6888,
3.8363,-96.9362,-136.9362,
3.8366,-96.9428,-136.9428,
3.8369,-99.0762,-139.0762,
3.8372,-97.9021,-137.9021,
3.8375,-98.4611,-138.4611,
3.8378,-98.0769,-138.0769,
3.8381,-97.2777,-137.2777,
3.8384,-97.533,-137.533,
3.8387,-97.9782,-137.9782,
3.839,-98.5686,-138.5686,
3.8393,-98.8183,-138.8183,
3.8396,-99.025,-139.025,
3.8399,-98.3933,-138.3933,
3.8402,-98.6632,-138.6632,
3.8405,-97.8956,-137.8956,
3.8408,-97.2541,-137.2541,
3.8411,-97.3955,-137.3955,
3.8414,-97.5162,-137.5162,
3.8417,-96.7801,-136.7801,
3.842,-97.4066,-137.4066,
3.8423,-97.3986,-137.3986,
3.8426,-96.9481,-136.9481,
3.8429,-97.1596,-137.1596,
3.8432,-98.0909,-138.0909,
3.8435,-96.1093,-136.1093,
3.8438,-98.7257,-138.7257,
3.8441,-99.2394,-139.2394,
3.8444,-96.9732,-136.9732,
3.8447,-99.0622,-139.0622,
3.845,-98.3047,-138.3047,
3.8453,-98.7863,-138.7863,
3.8456,-98.4446,-138.4446,
3.8459,-98.9627,-138.9627,
3.8462,-97.3875,-137.3875,
3.8465,-97.9511,-137.9511,
3.8468,-97.8662,-137.8662,
3.8471,-99.0663,-139.0663,
3.8474,-99.7517,-139.7517,
3.8477,-98.7973,-138.7973,
3.848,-96.9793,-136.9793,
3.8483,-97.7746,-137.7746,
3.8486,-98.7678,-138.7679,
3.8489,-97.7709,-137.7709,
3.8492,-97.8879,-137.8879,
3.8495,-99.2186,-139.2186,
3.8498,-97.5377,-137.5377,
3.8501,-98.5444,-138.5444,
3.8504,-97.1809,-137.1809,
3.8507,-98.621,-138.621,
3.851,-98.0317,-138.0317,
3.8513,-97.713,-137.713,
3.8516,-99.2194,-139.2194,
3.8519,-96.274,-136.274,
3.8522,-99.054,-139.054,
3.8525,-98.345,-138.345,
3.8528,-100.3557,-140.3557,
3.8531,-98.9854,-138.9854,
3.8534,-97.5674,-137.5674,
3.8537,-98.1474,-138.1474,
3.854,-98.2478,-138.2478,
3.8543,-98.8972,-138.8972,
3.8546,-96.9831,-136.9831,
3.8549,-97.5563,-137.5563,
3.8552,-98.8001,-138.8001,
3.8555,-97.7789,-137.7789,
3.8558,-98.3896,-138.3896,
3.8561,-98.1646,-138.1646,
3.8564,-98.8134,-138.8134,
3.8567,-98.2541,-138.2541,
3.857,-97.902,-137.902,
3.8573,-97.8845,-137.8845,
3.8576,-99.1301,-139.1301,
3.8579,-97.9279,-137.9279,
3.8582,-98.6295,-138.6295,
3.8585,-98.21,-138.21,
3.8588,-99.1224,-139.1224,
3.8591,-98.935,-138.935,
3.8594,-98.4943,-138.4943,
3.8597,-99.1554,-139.1554,
3.86,-99.2471,-139.2471,
3.8603,-97.7545,-137.7545,
3.8606,-99.6781,-139.6781,
3.8609,-98.4854,-138.4854,
3.8612,-98.7822,-138.7822,
3.8615,-97.4397,-137.4397,
3.8618,-96.9318,-136.9318,
3.8621,-98.7814,-138.7814,
3.8624,-98.7751,-138.7751,
3.8627,-99.0252,-139.0252,
3.863,-100.0983,-140.0983,
3.8633,-99.1112,-139.1112,
3.8636,-96.8465,-136.8465,
3.8639,-99.0504,-139.0504,
3.8642,-98.2711,-138.2711,
3.8645,-97.7262,-137.7262,
3.8648,-97.0799,-137.0799,
3.8651,-97.6578,-137.6578,
3.8654,-99.0019,-139.0019,
3.8657,-98.3992,-138.3992,
3.866,-98.1994,-138.1995,
3.8663,-98.988,-138.988,
3.8666,-98.6599,-138.6599,
3.8669,-99.1916,-139.1916,
3.8672,-98.3375,-138.3375,
3.8675,-97.8653,-137.8653,
3.8678,-97.438,-137.438,
3.8681,-98.2892,-138.2892,
3.8684,-98.5812,-138.5812,
3.8687,-99.5889,-139.5889,
3.869,-98.1129,-138.1129,
3.8693,-98.5707,-138.5707,
3.8696,-97.6733,-137.6733,
3.8699,-98.3608,-138.3608,
3.8702,-98.7794,-138.7794,
3.8705,-98.9815,-138.9815,
3.8708,-98.9486,-138.9486,
3.8711,-98.7731,-138.7731,
3.8714,-98.1662,-138.1662,
3.8717,-99.0884,-139.0884,
3.872,-99.3934,-139.3934,
3.8723,-97.0386,-137.0385,
3.8726,-98.6034,-138.6034,
3.8729,-99.4954,-139.4954,
3.8732,-98.7789,-138.7789,
3.8735,-99.12,-139.12,
3.8738,-97.5952,-137.5952,
3.8741,-99.7656,-139.7656,
3.8744,-100.4406,-140.4406,
3.8747,-98.0758,-138.0758,
3.875,-100.6208,-140.6208,
3.8753,-98.3632,-138.3632,
3.8756,-96.5524,-136.5524,
3.8759,-99.1776,-139.1776,
3.8762,-98.0226,-138.0226,
3.8765,-97.7358,-137.7358,
3.8768,-96.3142,-136.3142,
3.8771,-97.7825,-137.7825,
3.8774,-95.9398,-135.9398,
3.8777,-99.0921,-139.0921,
3.878,-100.0984,-140.0984,
3.8783,-98.289,-138.289,
3.8786,-98.2366,-138.2366,
3.8789,-95.6169,-135.6169,
3.8792,-97.2212,-137.2212,
3.8795,-98.4966,-138.4966,
3.8798,-99.8987,-139.8987,
3.8801,-99.6088,-139.6088,
3.8804,-98.7905,-138.7905,
3.8807,-99.7444,-139.7444,
3.881,-98.1798,-138.1798,
3.8813,-98.2133,-138.2133,
3.8816,-99.9472,-139.9472,
3.8819,-100.4929,-140.4929,
3.8822,-96.9773,-136.9773,
3.8825,-99.8533,-139.8533,
3.8828,-98.5027,-138.5027,
3.8831,-99.2017,-139.2017,
3.8834,-99.0254,-139.0254,
3.8837,-98.4882,-138.4882,
3.884,-99.3822,-139.3822,
3.8843,-100.4478,-140.4478,
3.8846,-98.9461,-138.9461,
3.8849,-99.1407,-139.1407,
3.8852,-99.5981,-139.5981,
3.8855,-97.4439,-137.4439,
3.8858,-97.3749,-137.3749,
3.8861,-98.013,-138.013,
3.8864,-100.0598,-140.0598,
3.8867,-97.2931,-137.2931,
3.887,-97.9172,-137.9172,
3.8873,-98.1228,-138.1228,
3.8876,-99.9004,-139.9004,
3.8879,-98.4813,-138.4813,
3.8882,-99.0941,-139.0941,
3.8885,-99.1868,-139.1868,
3.8888,-98.5305,-138.5305,
3.8891,-99.7664,-139.7664,
3.8894,-98.9583,-138.9583,
3.8897,-97.6298,-137.6298,
3.89,-97.7041,-137.7041,
3.8903,-97.8733,-137.8733,
3.8906,-97.9688,-137.9688,
3.8909,-98.3864,-138.3864,
3.8912,-98.2525,-138.2525,
3.8915,-97.1899,-137.19,
3.8918,-99.9965,-139.9965,
3.8921,-97.8435,-137.8435,
3.8924,-99.287,-139.287,
3.8927,-97.7517,-137.7517,
3.893,-98.521,-138.521,
3.8933,-97.3086,-137.3086,
3.8936,-97.1353,-137.1353,
3.8939,-98.0282,-138.0282,
3.8942,-97.8203,-137.8203,
3.8945,-97.1827,-137.1827,
3.8948,-99.2599,-139.2599,
3.8951,-97.5895,-137.5895,
3.8954,-98.1059,-138.1059,
3.8957,-99.8746,-139.8746,
3.896,-98.6499,-138.6499,
3.8963,-99.2952,-139.2952,
3.8966,-98.2563,-138.2563,
3.8969,-98.3199,-138.3199,
3.8972,-98.234,-138.234,
3.8975,-95.7544,-135.7544,
3.8978,-97.966,-137.966,
3.8981,-97.9495,-137.9495,
3.8984,-97.9734,-137.9735,
3.8987,-99.0136,-139.0136,
3.899,-98.9377,-138.9377,
3.8993,-97.2746,-137.2746,
3.8996,-98.3859,-138.3859,
3.8999,-99.4002,-139.4002,
3.9002,-96.8653,-136.8653,
3.9005,-98.405,-138.405,
3.9008,-98.6139,-138.6139,
3.9011,-98.4261,-138.4261,
3.9014,-100.1964,-140.1964,
3.9017,-98.2045,-138.2045,
3.902,-99.1677,-139.1677,
3.9023,-99.3163,-139.3163,
3.9026,-97.122,-137.122,
3.9029,-98.4052,-138.4052,
3.9032,-98.11,-138.11,
3.9035,-100.1596,-140.1596,
3.9038,-99.5255,-139.5255,
3.9041,-97.9008,-137.9008,
3.9044,-97.8144,-137.8144,
3.9047,-97.7759,-137.7758,
3.905,-98.6727,-138.6727,
3.9053,-99.8312,-139.8312,
3.9056,-98.4043,-138.4043,
3.9059,-99.6495,-139.6495,
3.9062,-98.5629,-138.5629,
3.9065,-100.6959,-140.6959,
3.9068,-98.4562,-138.4562,
3.9071,-97.0477,-137.0477,
3.9074,-99.4599,-139.4599,
3.9077,-99.6046,-139.6046,
3.908,-101.1719,-141.1719,
3.9083,-97.0779,-137.0779,
3.9086,-98.3547,-138.3547,
3.9089,-97.3912,-137.3912,
3.9092,-97.7175,-137.7175,
3.9095,-98.182,-138.182,
3.9098,-97.9451,-137.9451,
3.9101,-97.6571,-137.6571,
3.9104,-98.3507,-138.3507,
3.9107,-97.861,-137.861,
3.911,-98.8655,-138.8655,
3.9113,-97.9048,-137.9049,
3.9116,-99.2956,-139.2956,
3.9119,-98.5873,-138.5873,
3.9122,-99.3568,-139.3568,
3.9125,-99.3075,-139.3075,
3.9128,-99.2464,-139.2464,
3.9131,-98.1022,-138.1022,
3.9134,-100.5781,-140.5781,
3.9137,-97.8978,-137.8978,
3.914,-99.8108,-139.8108,
3.9143,-100.2449,-140.2449,
3.9146,-99.1146,-139.1146,
3.9149,-100.7098,-140.7098,
3.9152,-97.4577,-137.4577,
3.9155,-99.3694,-139.3694,
3.9158,-98.834,-138.834,
3.9161,-97.3498,-137.3498,
3.9164,-98.567,-138.567,
3.9167,-98.4876,-138.4876,
3.917,-102.047,-142.047,
3.9173,-99.2036,-139.2036,
3.9176,-99.5144,-139.5144,
3.9179,-99.7363,-139.7363,
3.9182,-97.8148,-137.8148,
3.9185,-98.0292,-138.0292,
3.9188,-100.0821,-140.0821,
3.9191,-99.1669,-139.1669,
3.9194,-100.7717,-140.7717,
3.9197,-97.3961,-137.3961,
3.92,-97.1056,-137.1056,
3.9203,-99.9483,-139.9483,
3.9206,-99.3106,-139.3106,
3.9209,-97.9098,-137.9098,
3.9212,-99.1088,-139.1088,
3.9215,-99.3621,-139.3621,
3.9218,-102.0603,-142.0603,
3.9221,-97.4189,-137.4189,
3.9224,-97.0463,-137.0463,
3.9227,-99.2718,-139.2718,
3.923,-98.9082,-138.9082,
3.9233,-97.7271,-137.7271,
3.9236,-98.0122,-138.0122,
3.9239,-97.8697,-137.8697,
3.9242,-98.183,-138.183,
3.9245,-99.0133,-139.0133,
3.9248,-99.2917,-139.2917,
3.9251,-98.0869,-138.0869,
3.9254,-100.1272,-140.1272,
3.9257,-98.5653,-138.5653,
3.926,-99.4575,-139.4575,
3.9263,-99.7461,-139.7461,
3.9266,-96.3019,-136.3019,
3.9269,-99.944,-139.944,
3.9272,-99.741,-139.741,
3.9275,-98.4199,-138.4199,
3.9278,-99.7773,-139.7773,
3.9281,-98.2529,-138.2529,
3.9284,-95.542,-135.542,
3.9287,-98.2715,-138.2715,
3.929,-99.2992,-139.2992,
3.9293,-99.1746,-139.1746,
3.9296,-99.2499,-139.2499,
3.9299,-98.3487,-138.3487,
3.9302,-99.6841,-139.6841,
3.9305,-97.7192,-137.7192,
3.9308,-99.5394,-139.5394,
3.9311,-99.1904,-139.1904,
3.9314,-98.1222,-138.1222,
3.9317,-98.0494,-138.0494,
3.932,-98.9467,-138.9467,
3.9323,-98.9698,-138.9698,
3.9326,-99.2566,-139.2566,
3.9329,-98.0418,-138.0418,
3.9332,-98.8491,-138.8491,
3.9335,-99.9164,-139.9164,
3.9338,-98.5624,-138.5624,
3.9341,-98.2567,-138.2567,
3.9344,-98.2529,-138.2529,
3.9347,-99.1354,-139.1354,
3.935,-98.162,-138.162,
3.9353,-99.9005,-139.9005,
3.9356,-99.3899,-139.3899,
3.9359,-98.7569,-138.7569,
3.9362,-97.8744,-137.8744,
3.9365,-99.143,-139.143,
3.9368,-96.7099,-136.7099,
3.9371,-98.6043,-138.6043,
3.9374,-99.337,-139.337,
3.9377,-96.7574,-136.7574,
3.938,-98.8174,-138.8174,
3.9383,-98.0049,-138.0049,
3.9386,-100.0384,-140.0384,
3.9389,-97.9645,-137.9645,
3.9392,-99.5234,-139.5234,
3.9395,-99.1785,-139.1785,
3.9398,-99.0279,-139.0279,
3.9401,-100.6306,-140.6306,
3.9404,-99.2117,-139.2117,
3.9407,-99.3959,-139.3959,
3.941,-100.2405,-140.2405,
3.9413,-98.096,-138.096,
3.9416,-96.9962,-136.9962,
3.9419,-98.4069,-138.4069,
3.9422,-100.7469,-140.7469,
3.9425,-98.6767,-138.6767,
3.9428,-97.6297,-137.6297,
3.9431,-99.8417,-139.8417,
3.9434,-98.6842,-138.6841,
3.9437,-98.655,-138.655,
3.944,-99.8915,-139.8915,
3.9443,-98.6776,-138.6776,
3.9446,-99.0469,-139.0469,
3.9449,-99.3241,-139.3241,
3.9452,-98.6265,-138.6265,
3.9455,-97.8973,-137.8973,
3.9458,-98.9941,-138.9941,
3.9461,-98.8662,-138.8662,
3.9464,-96.8709,-136.8709,
3.9467,-98.3011,-138.3011,
3.947,-98.8011,-138.8011,
3.9473,-98.1413,-138.1413,
3.9476,-99.4128,-139.4128,
3.9479,-98.2436,-138.2436,
3.9482,-98.1897,-138.1897,
3.9485,-98.0821,-138.0822,
3.9488,-97.5109,-137.5109,
3.9491,-99.4478,-139.4478,
3.9494,-97.2533,-137.2533,
3.9497,-100.1515,-140.1515,
3.95,-98.9917,-138.9917,
3.9503,-99.2671,-139.2671,
3.9506,-98.9919,-138.9919,
3.9509,-98.9721,-138.9721,
3.9512,-98.1693,-138.1693,
3.9515,-98.032,-138.032,
3.9518,-98.7325,-138.7325,
3.9521,-98.3421,-138.3421,
3.9524,-97.6613,-137.6613,
3.9527,-98.3238,-138.3238,
3.953,-97.8202,-137.8202,
3.9533,-98.0241,-138.0241,
3.9536,-100.0653,-140.0653,
3.9539,-97.7733,-137.7733,
3.9542,-96.7287,-136.7287,
3.9545,-99.3003,-139.3003,
3.9548,-97.4884,-137.4884,
3.9551,-97.4536,-137.4536,
3.9554,-98.2784,-138.2784,
3.9557,-98.4788,-138.4788,
3.956,-99.5741,-139.5741,
3.9563,-99.916,-139.916,
3.9566,-98.9059,-138.9059,
3.9569,-97.7699,-137.7699,
3.9572,-96.8962,-136.8962,
3.9575,-98.4315,-138.4315,
3.9578,-97.4683,-137.4683,
3.9581,-98.3157,-138.3157,
3.9584,-98.6916,-138.6916,
3.9587,-100.7421,-140.7421,
3.959,-96.8404,-136.8404,
3.9593,-98.3792,-138.3792,
3.9596,-97.0186,-137.0186,
3.9599,-99.7078,-139.7078,
3.9602,-98.1906,-138.1906,
3.9605,-99.7661,-139.7661,
3.9608,-97.6528,-137.6528,
3.9611,-97.2222,-137.2222,
3.9614,-99.1463,-139.1463,
3.9617,-99.285,-139.285,
3.962,-99.0731,-139.0731,
3.9623,-99.0317,-139.0317,
3.9626,-97.3725,-137.3725,
3.9629,-99.2039,-139.2039,
3.9632,-99.1403,-139.1403,
3.9635,-99.2784,-139.2784,
3.9638,-97.5099,-137.5099,
3.9641,-98.8502,-138.8502,
3.9644,-97.6676,-137.6676,
3.9647,-97.8569,-137.8569,
3.965,-98.7264,-138.7264,
3.9653,-99.0001,-139.0001,
3.9656,-99.5838,-139.5838,
3.9659,-97.3865,-137.3865,
3.9662,-99.0753,-139.0753,
3.9665,-100.9332,-140.9332,
3.9668,-97.6377,-137.6377,
3.9671,-99.9158,-139.9158,
3.9674,-99.2901,-139.2901,
3.9677,-97.6076,-137.6076,
3.968,-98.9844,-138.9844,
3.9683,-98.2742,-138.2742,
3.9686,-98.4049,-138.4049,
3.9689,-99.7819,-139.7819,
3.9692,-98.9198,-138.9198,
3.9695,-99.1669,-139.1669,
3.9698,-98.2232,-138.2232,
3.9701,-98.7703,-138.7703,
3.9704,-97.674,-137.674,
3.9707,-98.1326,-138.1326,
3.971,-97.5169,-137.5169,
3.9713,-98.6989,-138.6989,
3.9716,-99.8921,-139.8921,
3.9719,-99.5598,-139.5598,
3.9722,-98.7052,-138.7052,
3.9725,-98.8118,-138.8118,
3.9728,-98.5489,-138.5489,
3.9731,-98.1731,-138.1731,
3.9734,-98.9869,-138.9869,
3.9737,-99.5305,-139.5305,
3.974,-99.6286,-139.6286,
3.9743,-100.5377,-140.5377,
3.9746,-100.2073,-140.2073,
3.9749,-98.1802,-138.1802,
3.9752,-99.8096,-139.8096,
3.9755,-98.2119,-138.2119,
3.9758,-99.2008,-139.2008,
3.9761,-100.1321,-140.1321,
3.9764,-98.0799,-138.0799,
3.9767,-98.5905,-138.5905,
3.977,-99.2361,-139.2361,
3.9773,-99.5207,-139.5207,
3.9776,-98.218,-138.218,
3.9779,-97.5342,-137.5342,
3.9782,-98.921,-138.921,
3.9785,-97.6477,-137.6477,
3.9788,-98.1312,-138.1312,
3.9791,-98.4297,-138.4297,
3.9794,-98.4483,-138.4483,
3.9797,-98.3442,-138.3442,
3.98,-98.2254,-138.2254,
3.9803,-98.784,-138.784,
3.9806,-98.0778,-138.0779,
3.9809,-97.5286,-137.5286,
3.9812,-99.5338,-139.5338,
3.9815,-99.8855,-139.8855,
3.9818,-99.2982,-139.2982,
3.9821,-99.0801,-139.0801,
3.9824,-99.2673,-139.2672,
3.9827,-98.7492,-138.7492,
3.983,-99.832,-139.832,
3.9833,-98.1661,-138.1661,
3.9836,-100.6781,-140.6781,
3.9839,-99.4248,-139.4248,
3.9842,-98.3983,-138.3983,
3.9845,-100.6864,-140.6864,
3.9848,-99.0911,-139.0911,
3.9851,-99.4084,-139.4084,
3.9854,-98.1383,-138.1383,
3.9857,-98.599,-138.599,
3.986,-99.0893,-139.0893,
3.9863,-99.9502,-139.9502,
3.9866,-98.1158,-138.1158,
3.9869,-99.5365,-139.5365,
3.9872,-97.325,-137.325,
3.9875,-99.5675,-139.5675,
3.9878,-98.2669,-138.2669,
3.9881,-99.1519,-139.1519,
3.9884,-98.5305,-138.5305,
3.9887,-99.4727,-139.4727,
3.989,-98.5987,-138.5987,
3.9893,-98.7945,-138.7945,
3.9896,-99.5345,-139.5345,
3.9899,-100.5381,-140.5381,
3.9902,-99.9719,-139.9719,
3.9905,-98.2109,-138.2109,
3.9908,-99.4485,-139.4485,
3.9911,-101.816,-141.816,
3.9914,-100.5382,-140.5382,
3.9917,-98.3628,-138.3628,
3.992,-97.0599,-137.0599,
3.9923,-99.901,-139.901,
3.9926,-97.6473,-137.6473,
3.9929,-98.5793,-138.5793,
3.9932,-99.1159,-139.1159,
3.9935,-99.0653,-139.0652,
3.9938,-99.3263,-139.3263,
3.9941,-100.2422,-140.2422,
3.9944,-98.2459,-138.2459,
3.9947,-98.9821,-138.9821,
3.995,-99.4845,-139.4845,
3.9953,-98.82,-138.82,
3.9956,-98.7811,-138.7811,
3.9959,-99.9822,-139.9822,
3.9962,-97.9904,-137.9905,
3.9965,-100.0517,-140.0517,
3.9968,-100.1561,-140.1561,
3.9971,-99.6527,-139.6527,
3.9974,-100.9769,-140.9769,
3.9977,-99.4241,-139.4241,
3.998,-100.8481,-140.8481,
3.9983,-100.0519,-140.0519,
3.9986,-98.9412,-138.9412,
3.9989,-99.8301,-139.8301,
3.9992,-100.1718,-140.1718,
3.9995,-98.6117,-138.6117,
3.9998,-101.0572,-141.0572,
4.0001,-98.9914,-138.9914,
4.0004,-99.4945,-139.4945,
4.0007,-99.0609,-139.0609,
4.001,-97.5104,-137.5104,
4.0013,-99.1463,-139.1463,
4.0016,-99.823,-139.823,
4.0019,-98.3459,-138.3459,
4.0022,-99.8634,-139.8634,
4.0025,-99.4976,-139.4976,
4.0028,-98.2463,-138.2463,
4.0031,-99.71,-139.71,
4.0034,-101.0677,-141.0677,
4.0037,-99.4383,-139.4383,
4.004,-99.9038,-139.9038,
4.0043,-99.6915,-139.6915,
4.0046,-98.3102,-138.3102,
4.0049,-100.0187,-140.0187,
4.0052,-99.5967,-139.5967,
4.0055,-98.8683,-138.8683,
4.0058,-98.1069,-138.1069,
4.0061,-99.3543,-139.3543,
4.0064,-98.5928,-138.5928,
4.0067,-100.246,-140.246,
4.007,-99.9188,-139.9188,
4.0073,-100.8235,-140.8235,
4.0076,-99.4829,-139.4829,
4.0079,-99.0717,-139.0717,
4.0082,-99.1475,-139.1475,
4.0085,-97.5667,-137.5667,
4.0088,-97.0369,-137.0369,
4.0091,-101.8386,-141.8386,
4.0094,-99.83,-139.83,
4.0097,-100.4915,-140.4915,
4.01,-100.9335,-140.9335,
4.0103,-99.2084,-139.2084,
4.0106,-98.3576,-138.3576,
4.0109,-101.2743,-141.2743,
4.0112,-101.4895,-141.4895,
4.0115,-100.5572,-140.5572,
4.0118,-98.4294,-138.4294,
4.0121,-98.9255,-138.9255,
4.0124,-100.7769,-140.7769,
4.0127,-97.5975,-137.5975,
4.013,-100.6353,-140.6353,
4.0133,-100.3059,-140.3059,
4.0136,-99.1865,-139.1865,
4.0139,-100.3614,-140.3614,
4.0142,-99.2943,-139.2943,
4.0145,-98.9857,-138.9857,
4.0148,-99.8304,-139.8304,
4.0151,-98.9417,-138.9417,
4.0154,-98.0674,-138.0674,
4.0157,-99.7758,-139.7758,
4.016,-101.7775,-141.7775,
4.0163,-99.8414,-139.8414,
4.0166,-98.9533,-138.9533,
4.0169,-100.0411,-140.0411,
4.0172,-98.901,-138.901,
4.0175,-100.4587,-140.4587,
4.0178,-98.2069,-138.2069,
4.0181,-98.416,-138.416,
4.0184,-99.0666,-139.0666,
4.0187,-98.6492,-138.6492,
4.019,-101.1129,-141.1129,
4.0193,-100.7006,-140.7006,
4.0196,-99.1112,-139.1112,
4.0199,-99.7498,-139.7498,
4.0202,-99.2612,-139.2612,
4.0205,-99.7876,-139.7876,
4.0208,-99.5242,-139.5242,
4.0211,-99.0609,-139.0609,
4.0214,-98.044,-138.044,
4.0217,-100.2247,-140.2247,
4.022,-98.2679,-138.2679,
4.0223,-100.9486,-140.9486,
4.0226,-99.3932,-139.3932,
4.0229,-99.2638,-139.2638,
4.0232,-99.8537,-139.8537,
4.0235,-101.5424,-141.5424,
4.0238,-97.9637,-137.9637,
4.0241,-99.416,-139.416,
4.0244,-99.3627,-139.3627,
4.0247,-99.5613,-139.5613,
4.025,-97.3711,-137.3711,
4.0253,-98.8279,-138.8279,
4.0256,-99.4796,-139.4796,
4.0259,-98.033,-138.033,
4.0262,-101.0148,-141.0148,
4.0265,-100.1425,-140.1425,
4.0268,-98.8349,-138.8349,
4.0271,-100.3411,-140.3411,
4.0274,-98.9954,-138.9954,
4.0277,-99.701,-139.701,
4.028,-101.0747,-141.0747,
4.0283,-98.335,-138.335,
4.0286,-99.7486,-139.7486,
4.0289,-99.9161,-139.9161,
4.0292,-100.1902,-140.1902,
4.0295,-100.9559,-140.9559,
4.0298,-99.9546,-139.9546,
4.0301,-99.7897,-139.7897,
4.0304,-100.2081,-140.2081,
4.0307,-98.7126,-138.7126,
4.031,-101.1637,-141.1637,
4.0313,-100.3969,-140.3969,
4.0316,-99.6007,-139.6007,
4.0319,-99.5498,-139.5498,
4.0322,-98.2833,-138.2833,
4.0325,-101.4783,-141.4783,
4.0328,-100.0985,-140.0985,
4.0331,-101.4164,-141.4164,
4.0334,-100.377,-140.377,
4.0337,-99.5105,-139.5105,
4.034,-99.0088,-139.0088,
4.0343,-99.7776,-139.7776,
4.0346,-98.89,-138.89,
4.0349,-99.1459,-139.1459,
4.0352,-100.0391,-140.0391,
4.0355,-99.1855,-139.1855,
4.0358,-99.8588,-139.8588,
4.0361,-99.0712,-139.0712,
4.0364,-100.076,-140.076,
4.0367,-99.3157,-139.3157,
4.037,-98.2698,-138.2698,
4.0373,-99.6629,-139.6629,
4.0376,-99.3039,-139.3039,
4.0379,-98.8902,-138.8902,
4.0382,-98.5043,-138.5043,
4.0385,-99.6209,-139.6209,
4.0388,-100.4255,-140.4255,
4.0391,-99.5258,-139.5258,
4.0394,-100.9458,-140.9458,
4.0397,-100.6018,-140.6018,
4.04,-99.6175,-139.6175,
4.0403,-100.4971,-140.4971,
4.0406,-99.2833,-139.2833,
4.0409,-100.2106,-140.2106,
4.0412,-98.7165,-138.7165,
4.0415,-98.9229,-138.9229,
4.0418,-99.0795,-139.0795,
4.0421,-99.8108,-139.8108,
4.0424,-99.3383,-139.3383,
4.0427,-101.7668,-141.7668,
4.043,-100.6974,-140.6974,
4.0433,-100.0555,-140.0555,
4.0436,-98.6136,-138.6136,
4.0439,-100.4824,-140.4824,
4.0442,-100.9359,-140.9359,
4.0445,-99.7734,-139.7734,
4.0448,-100.7007,-140.7007,
4.0451,-98.3915,-138.3915,
4.0454,-99.8597,-139.8597,
4.0457,-100.6572,-140.6572,
4.046,-99.8394,-139.8394,
4.0463,-99.586,-139.586,
4.0466,-100.4408,-140.4408,
4.0469,-99.2596,-139.2596,
4.0472,-98.6077,-138.6078,
4.0475,-99.211,-139.211,
4.0478,-100.5033,-140.5033,
4.0481,-98.1017,-138.1017,
4.0484,-101.1243,-141.1243,
4.0487,-100.0627,-140.0627,
4.049,-100.2936,-140.2936,
4.0493,-100.0589,-140.0589,
4.0496,-99.0257,-139.0257,
4.0499,-99.3564,-139.3564,
4.0502,-99.1561,-139.1561,
4.0505,-99.2171,-139.2171,
4.0508,-99.5896,-139.5896,
4.0511,-100.688,-140.688,
4.0514,-99.5418,-139.5418,
4.0517,-100.7369,-140.7369,
4.052,-99.8013,-139.8014,
4.0523,-100.3942,-140.3942,
4.0526,-101.7217,-141.7217,
4.0529,-99.2134,-139.2134,
4.0532,-98.9333,-138.9333,
4.0535,-99.0704,-139.0704,
4.0538,-100.8945,-140.8945,
4.0541,-98.6178,-138.6178,
4.0544,-99.5161,-139.5161,
4.0547,-99.5932,-139.5932,
4.055,-98.8412,-138.8412,
4.0553,-99.1268,-139.1268,
4.0556,-99.0443,-139.0443,
4.0559,-99.0541,-139.0541,
4.0562,-97.8851,-137.8851,
4.0565,-99.3953,-139.3953,
4.0568,-98.9014,-138.9014,
4.0571,-98.2268,-138.2268,
4.0574,-100.1194,-140.1194,
4.0577,-98.2944,-138.2944,
4.058,-99.1965,-139.1965,
4.0583,-100.2744,-140.2744,
4.0586,-99.3568,-139.3568,
4.0589,-98.5715,-138.5715,
4.0592,-98.5568,-138.5568,
4.0595,-100.7304,-140.7304,
4.0598,-100.2548,-140.2548,
4.0601,-98.7644,-138.7645,
4.0604,-98.5009,-138.5009,
4.0607,-98.7216,-138.7216,
4.061,-98.2659,-138.2659,
4.0613,-97.6733,-137.6733,
4.0616,-99.7384,-139.7384,
4.0619,-99.8907,-139.8907,
4.0622,-100.3749,-140.3749,
4.0625,-99.8006,-139.8006,
4.0628,-98.144,-138.144,
4.0631,-99.6599,-139.6599,
4.0634,-100.7012,-140.7012,
4.0637,-98.7353,-138.7353,
4.064,-98.7793,-138.7793,
4.0643,-99.3936,-139.3936,
4.0646,-98.5194,-138.5194,
4.0649,-97.9422,-137.9422,
4.0652,-99.5393,-139.5393,
4.0655,-99.2594,-139.2594,
4.0658,-98.9871,-138.9871,
4.0661,-97.4839,-137.4839,
4.0664,-98.6311,-138.6311,
4.0667,-99.4237,-139.4237,
4.067,-100.0469,-140.0469,
4.0673,-99.1648,-139.1648,
4.0676,-101.2895,-141.2895,
4.0679,-98.4558,-138.4558,
4.0682,-99.5895,-139.5895,
4.0685,-98.9676,-138.9676,
4.0688,-99.1984,-139.1984,
4.0691,-100.6444,-140.6444,
4.0694,-99.6253,-139.6253,
4.0697,-99.429,-139.429,
4.07,-97.3029,-137.3029,
4.0703,-99.591,-139.591,
4.0706,-99.9214,-139.9214,
4.0709,-98.7793,-138.7793,
4.0712,-98.5477,-138.5478,
4.0715,-99.46,-139.46,
4.0718,-101.3893,-141.3893,
4.0721,-100.973,-140.973,
4.0724,-99.6228,-139.6228,
4.0727,-98.8268,-138.8268,
4.073,-99.96,-139.96,
4.0733,-99.7226,-139.7226,
4.0736,-98.9904,-138.9904,
4.0739,-97.8167,-137.8167,
4.0742,-100.3503,-140.3503,
4.0745,-100.5889,-140.5889,
4.0748,-99.7887,-139.7887,
4.0751,-98.1149,-138.1149,
4.0754,-98.5931,-138.5931,
4.0757,-98.8868,-138.8868,
4.076,-96.8732,-136.8732,
4.0763,-98.5275,-138.5275,
4.0766,-98.1649,-138.1649,
4.0769,-99.4568,-139.4568,
4.0772,-99.0624,-139.0624,
4.0775,-99.0568,-139.0568,
4.0778,-98.3712,-138.3712,
4.0781,-98.7863,-138.7863,
4.0784,-101.085,-141.085,
4.0787,-98.1909,-138.1909,
4.079,-98.7949,-138.7949,
4.0793,-99.6883,-139.6883,
4.0796,-98.7507,-138.7507,
4.0799,-101.0849,-141.0849,
4.0802,-98.5937,-138.5937,
4.0805,-99.5583,-139.5583,
4.0808,-99.0153,-139.0153,
4.0811,-99.1009,-139.1009,
4.0814,-100.2065,-140.2065,
4.0817,-100.1149,-140.1149,
4.082,-98.6224,-138.6224,
4.0823,-98.8117,-138.8116,
4.0826,-98.8698,-138.8698,
4.0829,-99.0771,-139.0771,
4.0832,-100.5357,-140.5357,
4.0835,-98.8721,-138.8721,
4.0838,-97.4907,-137.4907,
4.0841,-98.4169,-138.4169,
4.0844,-98.6749,-138.6749,
4.0847,-98.2254,-138.2254,
4.085,-99.3666,-139.3666,
4.0853,-98.6226,-138.6226,
4.0856,-100.4437,-140.4437,
4.0859,-97.8341,-137.8341,
4.0862,-98.5258,-138.5258,
4.0865,-100.7444,-140.7444,
4.0868,-100.1774,-140.1774,
4.0871,-98.5542,-138.5542,
4.0874,-100.5822,-140.5822,
4.0877,-98.893,-138.893,
4.088,-98.745,-138.745,
4.0883,-98.0816,-138.0816,
4.0886,-98.5792,-138.5792,
4.0889,-98.5311,-138.5311,
4.0892,-99.3382,-139.3382,
4.0895,-99.3129,-139.3129,
4.0898,-98.537,-138.537,
4.0901,-100.6715,-140.6715,
4.0904,-99.269,-139.269,
4.0907,-98.6732,-138.6732,
4.091,-99.1892,-139.1892,
4.0913,-99.4252,-139.4252,
4.0916,-98.4531,-138.4531,
4.0919,-99.9404,-139.9404,
4.0922,-100.54,-140.54,
4.0925,-99.5247,-139.5247,
4.0928,-99.9205,-139.9205,
4.0931,-99.481,-139.481,
4.0934,-98.4795,-138.4795,
4.0937,-99.6293,-139.6293,
4.094,-98.475,-138.475,
4.0943,-98.5544,-138.5544,
4.0946,-99.0958,-139.0958,
4.0949,-99.7078,-139.7078,
4.0952,-100.0428,-140.0428,
4.0955,-98.7415,-138.7415,
4.0958,-98.4551,-138.4551,
4.0961,-99.1368,-139.1368,
4.0964,-100.171,-140.171,
4.0967,-100.3052,-140.3052,
4.097,-99.5499,-139.5499,
4.0973,-99.5661,-139.5661,
4.0976,-99.7991,-139.7991,
4.0979,-100.1142,-140.1142,
4.0982,-99.365,-139.365,
4.0985,-96.9381,-136.9381,
4.0988,-97.0699,-137.0699,
4.0991,-99.4168,-139.4168,
4.0994,-98.3115,-138.3115,
4.0997,-98.8593,-138.8593,
4.1,-100.4809,-140.4809,
4.1003,-97.7481,-137.7481,
4.1006,-99.4593,-139.4593,
4.1009,-98.8213,-138.8213,
4.1012,-98.2731,-138.2731,
4.1015,-99.5649,-139.5649,
4.1018,-99.9602,-139.9602,
4.1021,-99.3177,-139.3177,
4.1024,-99.8896,-139.8896,
4.1027,-100.323,-140.323,
4.103,-96.8033,-136.8033,
4.1033,-100.2742,-140.2742,
4.1036,-99.1502,-139.1502,
4.1039,-99.3768,-139.3768,
4.1042,-100.6451,-140.6451,
4.1045,-100.0235,-140.0235,
4.1048,-100.8862,-140.8862,
4.1051,-98.6991,-138.6991,
4.1054,-100.952,-140.952,
4.1057,-100.4419,-140.4419,
4.106,-97.7747,-137.7747,
4.1063,-98.42,-138.42,
4.1066,-99.1805,-139.1805,
4.1069,-99.0706,-139.0706,
4.1072,-99.7283,-139.7283,
4.1075,-100.8245,-140.8245,
4.1078,-98.9835,-138.9835,
4.1081,-97.1281,-137.1281,
4.1084,-99.3362,-139.3362,
4.1087,-100.1854,-140.1854,
4.109,-99.0823,-139.0823,
4.1093,-99.1233,-139.1233,
4.1096,-100.0635,-140.0635,
4.1099,-100.7031,-140.7031,
4.1102,-99.4333,-139.4333,
4.1105,-100.5678,-140.5678,
4.1108,-99.9291,-139.9291,
4.1111,-100.0878,-140.0878,
4.1114,-101.3356,-141.3356,
4.1117,-99.1189,-139.1189,
4.112,-100.119,-140.119,
4.1123,-98.8448,-138.8448,
4.1126,-100.0038,-140.0038,
4.1129,-100.3861,-140.3861,
4.1132,-102.059,-142.059,
4.1135,-97.7865,-137.7865,
4.1138,-99.8214,-139.8214,
4.1141,-101.46,-141.46,
4.1144,-100.1715,-140.1715,
4.1147,-99.8149,-139.8149,
4.115,-102.7842,-142.7842,
4.1153,-99.1422,-139.1422,
4.1156,-101.109,-141.109,
4.1159,-99.9002,-139.9002,
4.1162,-100.6102,-140.6102,
4.1165,-99.8319,-139.8319,
4.1168,-100.5289,-140.5289,
4.1171,-100.4797,-140.4797,
4.1174,-100.1516,-140.1516,
4.1177,-101.7379,-141.7379,
4.118,-100.2055,-140.2055,
4.1183,-100.3475,-140.3475,
4.1186,-99.9569,-139.9569,
4.1189,-99.2774,-139.2774,
4.1192,-98.9784,-138.9784,
4.1195,-98.8209,-138.8209,
4.1198,-98.3305,-138.3305,
4.1201,-100.8357,-140.8357,
4.1204,-100.1941,-140.1941,
4.1207,-100.3918,-140.3918,
4.121,-101.4123,-141.4123,
4.1213,-99.9151,-139.9151,
4.1216,-98.6249,-138.6249,
4.1219,-99.6513,-139.6513,
4.1222,-98.4952,-138.4952,
4.1225,-100.9614,-140.9614,
4.1228,-101.0631,-141.0631,
4.1231,-100.4952,-140.4952,
4.1234,-100.0046,-140.0046,
4.1237,-99.0619,-139.0619,
4.124,-101.2168,-141.2168,
4.1243,-97.5989,-137.5989,
4.1246,-101.4593,-141.4593,
4.1249,-100.2306,-140.2306,
4.1252,-100.1611,-140.1611,
4.1255,-99.6936,-139.6936,
4.1258,-100.2034,-140.2034,
4.1261,-100.439,-140.439,
4.1264,-102.1184,-142.1184,
4.1267,-100.1961,-140.1961,
4.127,-103.1724,-143.1724,
4.1273,-99.0626,-139.0626,
4.1276,-101.2109,-141.2109,
4.1279,-100.0959,-140.0959,
4.1282,-100.8748,-140.8748,
4.1285,-100.8777,-140.8777,
4.1288,-101.6846,-141.6846,
4.1291,-101.7773,-141.7773,
4.1294,-99.5994,-139.5994,
4.1297,-100.8621,-140.8621,
4.13,-99.7307,-139.7307,
4.1303,-99.939,-139.9391,
4.1306,-100.6806,-140.6806,
4.1309,-102.4777,-142.4777,
4.1312,-101.1998,-141.1998,
4.1315,-100.4647,-140.4647,
4.1318,-100.6292,-140.6292,
4.1321,-101.6443,-141.6443,
4.1324,-101.0392,-141.0392,
4.1327,-99.8876,-139.8877,
4.133,-102.8544,-142.8544,
4.1333,-101.0563,-141.0563,
4.1336,-102.3294,-142.3294,
4.1339,-100.8773,-140.8773,
4.1342,-102.6848,-142.6848,
4.1345,-100.4145,-140.4145,
4.1348,-100.3222,-140.3222,
4.1351,-100.6951,-140.6951,
4.1354,-101.5725,-141.5725,
4.1357,-102.7941,-142.7941,
4.136,-102.126,-142.126,
4.1363,-102.7541,-142.7541,
4.1366,-100.7893,-140.7893,
4.1369,-102.0352,-142.0352,
4.1372,-101.6767,-141.6767,
4.1375,-100.1685,-140.1685,
4.1378,-101.1358,-141.1358,
4.1381,-102.2062,-142.2062,
4.1384,-100.7498,-140.7498,
4.1387,-102.1847,-142.1847,
4.139,-103.7253,-143.7253,
4.1393,-101.3733,-141.3733,
4.1396,-102.1263,-142.1263,
4.1399,-102.6305,-142.6305,
4.1402,-105.1852,-145.1852,
4.1405,-100.7861,-140.7861,
4.1408,-103.1998,-143.1998,
4.1411,-101.7721,-141.7721,
4.1414,-100.9944,-140.9944,
4.1417,-101.2195,-141.2195,
4.142,-102.2587,-142.2587,
4.1423,-102.0602,-142.0602,
4.1426,-101.5791,-141.5791,
4.1429,-101.6858,-141.6858,
4.1432,-101.9335,-141.9335,
4.1435,-101.5888,-141.5888,
4.1438,-103.8846,-143.8846,
4.1441,-100.1721,-140.1721,
4.1444,-102.6894,-142.6894,
4.1447,-102.1611,-142.1611,
4.145,-101.6749,-141.6749,
4.1453,-101.0669,-141.0669,
4.1456,-101.9235,-141.9235,
4.1459,-101.029,-141.029,
4.1462,-103.1041,-143.1041,
4.1465,-103.7384,-143.7384,
4.1468,-101.0545,-141.0545,
4.1471,-101.1976,-141.1976,
4.1474,-102.1983,-142.1983,
4.1477,-101.7707,-141.7707,
4.148,-101.3246,-141.3246,
4.1483,-101.2705,-141.2705,
4.1486,-101.6269,-141.6269,
4.1489,-102.4844,-142.4844,
4.1492,-102.9437,-142.9437,
4.1495,-101.1879,-141.1879,
4.1498,-102.8857,-142.8857,
4.1501,-101.2515,-141.2515,
4.1504,-102.5627,-142.5627,
4.1507,-102.7567,-142.7567,
4.151,-102.4877,-142.4877,
4.1513,-102.9731,-142.9731,
4.1516,-101.9463,-141.9463,
4.1519,-101.9559,-141.9559,
4.1522,-103.2928,-143.2928,
4.1525,-102.9904,-142.9904,
4.1528,-102.4276,-142.4276,
4.1531,-103.1735,-143.1735,
4.1534,-102.9911,-142.9911,
4.1537,-103.0716,-143.0716,
4.154,-101.9835,-141.9835,
4.1543,-102.1249,-142.1249,
4.1546,-104.2998,-144.2998,
4.1549,-102.5346,-142.5346,
4.1552,-103.0868,-143.0868,
4.1555,-102.907,-142.907,
4.1558,-102.1368,-142.1368,
4.1561,-102.3305,-142.3305,
4.1564,-103.3546,-143.3546,
4.1567,-102.5973,-142.5973,
4.157,-101.4091,-141.4091,
4.1573,-102.1892,-142.1892,
4.1576,-101.4412,-141.4412,
4.1579,-102.3514,-142.3514,
4.1582,-102.1042,-142.1042,
4.1585,-102.1398,-142.1398,
4.1588,-102.1978,-142.1978,
4.1591,-104.6557,-144.6557,
4.1594,-102.9725,-142.9725,
4.1597,-102.7567,-142.7567,
4.16,-102.4334,-142.4334,
4.1603,-102.8559,-142.8559,
4.1606,-100.9296,-140.9296,
4.1609,-103.2886,-143.2886,
4.1612,-102.5081,-142.5081,
4.1615,-102.3404,-142.3404,
4.1618,-100.4638,-140.4638,
4.1621,-103.2138,-143.2138,
4.1624,-101.0865,-141.0865,
4.1627,-99.9392,-139.9392,
4.163,-100.7502,-140.7502,
4.1633,-103.9737,-143.9737,
4.1636,-100.5943,-140.5943,
4.1639,-101.787,-141.787,
4.1642,-103.5004,-143.5004,
4.1645,-102.7849,-142.7849,
4.1648,-101.1078,-141.1078,
4.1651,-103.6948,-143.6948,
4.1654,-103.3694,-143.3694,
4.1657,-101.7415,-141.7415,
4.166,-101.7283,-141.7283,
4.1663,-101.4797,-141.4797,
4.1666,-100.4775,-140.4775,
4.1669,-102.7948,-142.7948,
4.1672,-102.7594,-142.7594,
4.1675,-101.7003,-141.7003,
4.1678,-101.9766,-141.9766,
4.1681,-102.0866,-142.0866,
4.1684,-99.9674,-139.9674,
4.1687,-101.0868,-141.0868,
4.169,-100.4678,-140.4678,
4.1693,-101.9399,-141.9399,
4.1696,-103.1282,-143.1282,
4.1699,-103.5095,-143.5095,
4.1702,-100.7737,-140.7737,
4.1705,-102.5961,-142.5961,
4.1708,-101.3831,-141.3831,
4.1711,-102.1283,-142.1283,
4.1714,-102.4856,-142.4856,
4.1717,-101.3006,-141.3006,
4.172,-101.3247,-141.3247,
4.1723,-101.6995,-141.6995,
4.1726,-101.0372,-141.0372,
4.1729,-100.9438,-140.9438,
4.1732,-102.594,-142.594,
4.1735,-101.1797,-141.1797,
4.1738,-101.5213,-141.5213,
4.1741,-100.2572,-140.2572,
4.1744,-101.5114,-141.5114,
4.1747,-102.1417,-142.1417,
4.175,-102.9664,-142.9664,
4.1753,-102.0095,-142.0095,
4.1756,-100.735,-140.735,
4.1759,-102.6,-142.6,
4.1762,-101.8295,-141.8295,
4.1765,-101.2047,-141.2047,
4.1768,-99.803,-139.803,
4.1771,-101.9459,-141.9459,
4.1774,-100.9248,-140.9248,
4.1777,-101.1364,-141.1364,
4.178,-102.4088,-142.4088,
4.1783,-100.5036,-140.5036,
4.1786,-100.9319,-140.9319,
4.1789,-101.0068,-141.0068,
4.1792,-100.4193,-140.4193,
4.1795,-100.1816,-140.1816,
4.1798,-102.9556,-142.9556,
4.1801,-102.4382,-142.4382,
4.1804,-101.9691,-141.9691,
4.1807,-99.642,-139.642,
4.181,-101.7247,-141.7247,
4.1813,-100.2947,-140.2947,
4.1816,-101.7147,-141.7147,
4.1819,-100.2765,-140.2765,
4.1822,-101.1418,-141.1418,
4.1825,-100.3126,-140.3126,
4.1828,-102.1503,-142.1503,
4.1831,-102.0603,-142.0603,
4.1834,-101.0623,-141.0623,
4.1837,-99.3583,-139.3583,
4.184,-102.7028,-142.7028,
4.1843,-101.7746,-141.7746,
4.1846,-101.776,-141.776,
4.1849,-100.6435,-140.6435,
4.1852,-100.4572,-140.4572,
4.1855,-99.3659,-139.3659,
4.1858,-101.4479,-141.4479,
4.1861,-102.4951,-142.4951,
4.1864,-103.3737,-143.3737,
4.1867,-99.9848,-139.9848,
4.187,-100.3624,-140.3624,
4.1873,-100.1644,-140.1644,
4.1876,-101.6819,-141.6819,
4.1879,-101.8731,-141.8731,
4.1882,-100.9873,-140.9873,
4.1885,-102.106,-142.106,
4.1888,-100.9432,-140.9432,
4.1891,-102.3637,-142.3637,
4.1894,-103.3038,-143.3038,
4.1897,-101.966,-141.966,
4.19,-101.2837,-141.2837,
4.1903,-101.0145,-141.0145,
4.1906,-101.3384,-141.3384,
4.1909,-101.5943,-141.5943,
4.1912,-99.9379,-139.9379,
4.1915,-102.3869,-142.3869,
4.1918,-101.4699,-141.4699,
4.1921,-100.1502,-140.1502,
4.1924,-101.8257,-141.8257,
4.1927,-100.7201,-140.7201,
4.193,-102.2504,-142.2504,
4.1933,-102.6214,-142.6214,
4.1936,-103.136,-143.136,
4.1939,-101.9308,-141.9308,
4.1942,-102.374,-142.374,
4.1945,-101.3556,-141.3556,
4.1948,-101.918,-141.918,
4.1951,-102.8579,-142.8579,
4.1954,-101.0944,-141.0944,
4.1957,-101.344,-141.344,
4.196,-100.9016,-140.9016,
4.1963,-102.1342,-142.1342,
4.1966,-100.2077,-140.2077,
4.1969,-101.2717,-141.2717,
4.1972,-101.2904,-141.2904,
4.1975,-99.769,-139.769,
4.1978,-100.913,-140.913,
4.1981,-101.1301,-141.1301,
4.1984,-101.2864,-141.2864,
4.1987,-101.3549,-141.3549,
4.199,-101.2267,-141.2267,
4.1993,-100.8619,-140.8619,
4.1996,-101.7745,-141.7745,
4.1999,-102.1318,-142.1318,
4.2002,-102.5072,-142.5072,
4.2005,-101.3107,-141.3107,
4.2008,-101.2981,-141.2981,
4.2011,-101.2227,-141.2227,
4.2014,-102.6175,-142.6175,
4.2017,-101.7609,-141.7609,
4.202,-101.3909,-141.3909,
4.2023,-100.6228,-140.6228,
4.2026,-103.6602,-143.6602,
4.2029,-102.6621,-142.6621,
4.2032,-103.3872,-143.3872,
4.2035,-100.8651,-140.8651,
4.2038,-100.5015,-140.5015,
4.2041,-103.923,-143.923,
4.2044,-102.0847,-142.0847,
4.2047,-101.0381,-141.0381,
4.205,-100.5077,-140.5077,
4.2053,-102.3811,-142.3811,
4.2056,-102.0927,-142.0927,
4.2059,-100.9854,-140.9854,
4.2062,-101.6651,-141.6651,
4.2065,-101.4165,-141.4165,
4.2068,-102.5957,-142.5957,
4.2071,-102.4373,-142.4373,
4.2074,-103.0575,-143.0575,
4.2077,-102.0062,-142.0062,
4.208,-101.6949,-141.6949,
4.2083,-102.3967,-142.3967,
4.2086,-102.5375,-142.5375,
4.2089,-102.2103,-142.2103,
4.2092,-103.1178,-143.1178,
4.2095,-102.7509,-142.7509,
4.2098,-100.5701,-140.5701,
4.2101,-101.3039,-141.3039,
4.2104,-103.6969,-143.6969,
4.2107,-103.1624,-143.1624,
4.211,-103.0364,-143.0364,
4.2113,-103.3144,-143.3144,
4.2116,-103.1358,-143.1358,
4.2119,-102.044,-142.044,
4.2122,-100.9582,-140.9582,
4.2125,-103.4911,-143.4911,
4.2128,-102.9662,-142.9662,
4.2131,-102.4289,-142.4289,
4.2134,-102.2091,-142.2091,
4.2137,-103.8082,-143.8082,
4.214,-103.4948,-143.4948,
4.2143,-102.8089,-142.8089,
4.2146,-101.5377,-141.5377,
4.2149,-103.4187,-143.4187,
4.2152,-102.499,-142.499,
4.2155,-105.6204,-145.6204,
4.2158,-102.3288,-142.3288,
4.2161,-102.9506,-142.9506,
4.2164,-102.0491,-142.0491,
4.2167,-104.8996,-144.8996,
4.217,-103.6215,-143.6215,
4.2173,-103.9317,-143.9317,
4.2176,-101.6804,-141.6804,
4.2179,-104.3465,-144.3465,
4.2182,-105.8766,-145.8766,
4.2185,-104.0163,-144.0163,
4.2188,-103.2945,-143.2945,
4.2191,-103.6593,-143.6593,
4.2194,-105.4684,-145.4684,
4.2197,-102.6614,-142.6614,
4.22,-103.7401,-143.7401,
4.2203,-103.2438,-143.2438,
4.2206,-103.7931,-143.7931,
4.2209,-103.4513,-143.4513,
4.2212,-103.791,-143.791,
4.2215,-103.1316,-143.1316,
4.2218,-104.4578,-144.4578,
4.2221,-105.2206,-145.2206,
4.2224,-105.0988,-145.0988,
4.2227,-104.2965,-144.2965,
4.223,-106.0497,-146.0497,
4.2233,-104.923,-144.923,
4.2236,-107.0618,-147.0618,
4.2239,-106.7694,-146.7694,
4.2242,-105.5916,-145.5916,
4.2245,-106.2562,-146.2562,
4.2248,-105.469,-145.469,
4.2251,-107.7908,-147.7908,
4.2254,-105.9825,-145.9825,
4.2257,-106.669,-146.669,
4.226,-105.992,-145.992,
4.2263,-106.2531,-146.2531,
4.2266,-105.4591,-145.4591,
4.2269,-106.4062,-146.4062,
4.2272,-105.2454,-145.2454,
4.2275,-106.8447,-146.8447,
4.2278,-106.3077,-146.3077,
4.2281,-106.0405,-146.0405,
4.2284,-105.1217,-145.1217,
4.2287,-107.3128,-147.3128,
4.229,-106.4764,-146.4764,
4.2293,-107.9904,-147.9904,
4.2296,-107.4661,-147.4661,
4.2299,-107.0744,-147.0744,
4.2302,-108.6234,-148.6234,
4.2305,-108.5865,-148.5865,
4.2308,-108.5853,-148.5853,
4.2311,-106.3041,-146.3041,
4.2314,-107.8096,-147.8096,
4.2317,-106.8164,-146.8164,
4.232,-107.3354,-147.3354,
4.2323,-107.7614,-147.7614,
4.2326,-107.1891,-147.1891,
4.2329,-108.3787,-148.3787,
4.2332,-107.6708,-147.6708,
4.2335,-109.946,-149.946,
4.2338,-107.6937,-147.6937,
4.2341,-108.2214,-148.2214,
4.2344,-109.3343,-149.3343,
4.2347,-108.9023,-148.9023,
4.235,-109.0687,-149.0687,
4.2353,-108.3925,-148.3925,
4.2356,-108.9076,-148.9076,
4.2359,-108.6432,-148.6432,
4.2362,-107.8439,-147.8439,
4.2365,-109.5737,-149.5737,
4.2368,-109.6023,-149.6023,
4.2371,-110.1391,-150.1391,
4.2374,-108.964,-148.964,
4.2377,-109.1142,-149.1142,
4.238,-109.1089,-149.1089,
4.2383,-110.3064,-150.3064,
4.2386,-111.3472,-151.3472,
4.2389,-109.1757,-149.1757,
4.2392,-111.193,-151.193,
4.2395,-111.6513,-151.6513,
4.2398,-111.9376,-151.9376,
4.2401,-111.0157,-151.0157,
4.2404,-109.4287,-149.4287,
4.2407,-110.1978,-150.1978,
4.241,-110.827,-150.827,
4.2413,-110.2489,-150.2489,
4.2416,-111.017,-151.017,
4.2419,-110.8546,-150.8546,
4.2422,-111.6699,-151.6699,
4.2425,-109.4099,-149.4099,
4.2428,-110.0727,-150.0727,
4.2431,-111.9697,-151.9697,
4.2434,-109.5643,-149.5643,
4.2437,-111.2687,-151.2687,
4.244,-112.461,-152.461,
4.2443,-111.3695,-151.3695,
4.2446,-111.8508,-151.8508,
4.2449,-113.9979,-153.9979,
4.2452,-110.7372,-150.7372,
4.2455,-109.9709,-149.9709,
4.2458,-112.4965,-152.4965,
4.2461,-110.3281,-150.3281,
4.2464,-111.076,-151.076,
4.2467,-111.3545,-151.3545,
4.247,-112.6964,-152.6964,
4.2473,-113.3445,-153.3445,
4.2476,-113.1002,-153.1002,
4.2479,-110.3809,-150.3809,
4.2482,-112.5998,-152.5998,
4.2485,-113.3107,-153.3107,
4.2488,-113.2927,-153.2927,
4.2491,-112.2457,-152.2457,
4.2494,-112.2089,-152.2089,
4.2497,-111.794,-151.794,
4.25,-113.7413,-153.7413,
4.2503,-112.2795,-152.2795,
4.2506,-114.06,-154.06,
4.2509,-112.4683,-152.4683,
4.2512,-113.9476,-153.9476,
4.2515,-112.6905,-152.6905,
4.2518,-113.6807,-153.6807,
4.2521,-112.8217,-152.8217,
4.2524,-111.3919,-151.3919,
4.2527,-112.93,-152.93,
4.253,-112.8054,-152.8054,
4.2533,-112.5083,-152.5083,
4.2536,-114.8089,-154.8089,
4.2539,-112.0752,-152.0752,
4.2542,-113.2809,-153.2809,
4.2545,-112.2201,-152.2201,
4.2548,-112.9198,-152.9198,
4.2551,-114.3946,-154.3946,
4.2554,-113.5831,-153.5831,
4.2557,-113.5181,-153.5181,
4.256,-113.9538,-153.9538,
4.2563,-113.6966,-153.6966,
4.2566,-114.8942,-154.8942,
4.2569,-112.7754,-152.7754,
4.2572,-111.5346,-151.5346,
4.2575,-113.7392,-153.7392,
4.2578,-114.7073,-154.7073,
4.2581,-114.9875,-154.9875,
4.2584,-114.6946,-154.6946,
4.2587,-113.7468,-153.7468,
4.259,-113.4942,-153.4942,
4.2593,-115.3958,-155.3958,
4.2596,-112.7956,-152.7956,
4.2599,-113.9085,-153.9085,
4.2602,-114.3317,-154.3317,
4.2605,-112.9393,-152.9393,
4.2608,-113.8631,-153.8631,
4.2611,-114.3946,-154.3946,
4.2614,-114.25,-154.25,
4.2617,-115.1102,-155.1102,
4.262,-115.0012,-155.0012,
4.2623,-115.6139,-155.6139,
4.2626,-114.5981,-154.5981,
4.2629,-114.9417,-154.9417,
4.2632,-113.669,-153.669,
4.2635,-115.7197,-155.7197,
4.2638,-114.4493,-154.4493,
4.2641,-112.4793,-152.4793,
4.2644,-114.5657,-154.5657,
4.2647,-115.7277,-155.7277,
4.265,-116.5146,-156.5146,
4.2653,-115.5161,-155.5161,
4.2656,-114.0639,-154.0639,
4.2659,-114.997,-154.997,
4.2662,-114.2385,-154.2385,
4.2665,-114.2037,-154.2037,
4.2668,-115.1499,-155.1499,
4.2671,-115.712,-155.712,
4.2674,-114.7663,-154.7663,
4.2677,-113.9055,-153.9055,
4.268,-113.9568,-153.9568,
4.2683,-115.7093,-155.7093,
4.2686,-114.8643,-154.8643,
4.2689,-113.8449,-153.8449,
4.2692,-115.7416,-155.7416,
4.2695,-113.3424,-153.3424,
4.2698,-114.5878,-154.5878,
4.2701,-114.4165,-154.4165,
4.2704,-113.5037,-153.5037,
4.2707,-114.2789,-154.2789,
4.271,-115.2529,-155.2529,
4.2713,-115.9559,-155.9559,
4.2716,-115.6406,-155.6406,
4.2719,-114.7141,-154.7141,
4.2722,-116.0462,-156.0462,
4.2725,-115.0182,-155.0182,
4.2728,-114.8023,-154.8023,
4.2731,-116.5115,-156.5115,
4.2734,-115.9332,-155.9332,
4.2737,-114.1529,-154.1529,
4.274,-115.4226,-155.4226,
4.2743,-116.1933,-156.1933,
4.2746,-115.7038,-155.7038,
4.2749,-114.4601,-154.4601,
4.2752,-116.1465,-156.1465,
4.2755,-115.1575,-155.1575,
4.2758,-117.4448,-157.4448,
4.2761,-113.8951,-153.8951,
4.2764,-114.5355,-154.5355,
4.2767,-115.9187,-155.9187,
4.277,-116.4457,-156.4457,
4.2773,-117.8582,-157.8582,
4.2776,-115.0788,-155.0788,
4.2779,-116.1997,-156.1997,
4.2782,-114.0747,-154.0747,
4.2785,-115.3202,-155.3202,
4.2788,-117.2485,-157.2485,
4.2791,-116.1446,-156.1446,
4.2794,-116.9229,-156.9229,
4.2797,-114.6181,-154.6181,
4.28,-115.8372,-155.8372,
4.2803,-116.2901,-156.2901,
4.2806,-115.755,-155.755,
4.2809,-115.9908,-155.9908,
4.2812,-116.1476,-156.1476,
4.2815,-116.8821,-156.8821,
4.2818,-115.8175,-155.8175,
4.2821,-116.3057,-156.3057,
4.2824,-116.9477,-156.9477,
4.2827,-115.9976,-155.9976,
4.283,-116.9675,-156.9675,
4.2833,-114.9238,-154.9238,
4.2836,-118.2317,-158.2317,
4.2839,-115.6853,-155.6853,
4.2842,-116.3221,-156.3221,
4.2845,-116.1387,-156.1387,
4.2848,-117.0173,-157.0173,
4.2851,-116.7024,-156.7024,
4.2854,-115.395,-155.395,
4.2857,-116.9027,-156.9027,
4.286,-116.224,-156.224,
4.2863,-116.3979,-156.3979,
4.2866,-116.2986,-156.2986,
4.2869,-115.5872,-155.5872,
4.2872,-115.8298,-155.8298,
4.2875,-115.8529,-155.8529,
4.2878,-117.5643,-157.5643,
4.2881,-117.3361,-157.3361,
4.2884,-115.942,-155.942,
4.2887,-115.7691,-155.7691,
4.289,-115.7936,-155.7936,
4.2893,-117.0437,-157.0437,
4.2896,-115.908,-155.908,
4.2899,-117.209,-157.209,
4.2902,-118.175,-158.175,
4.2905,-117.4254,-157.4254,
4.2908,-115.6433,-155.6433,
4.2911,-115.8853,-155.8853,
4.2914,-116.5005,-156.5005,
4.2917,-116.4145,-156.4145,
4.292,-114.9525,-154.9525,
4.2923,-115.642,-155.642,
4.2926,-115.7786,-155.7786,
4.2929,-116.8484,-156.8484,
4.2932,-116.3329,-156.3329,
4.2935,-117.9374,-157.9374,
4.2938,-114.7484,-154.7484,
4.2941,-115.7193,-155.7193,
4.2944,-117.0642,-157.0642,
4.2947,-114.6184,-154.6184,
4.295,-117.8061,-157.8061,
4.2953,-116.3522,-156.3522,
4.2956,-115.029,-155.029,
4.2959,-116.4348,-156.4348,
4.2962,-116.4875,-156.4875,
4.2965,-115.7861,-155.7861,
4.2968,-114.2968,-154.2968,
4.2971,-117.3015,-157.3015,
4.2974,-115.7739,-155.7739,
4.2977,-117.4797,-157.4797,
4.298,-117.3665,-157.3665,
4.2983,-115.898,-155.898,
4.2986,-117.9791,-157.9791,
4.2989,-114.3192,-154.3192,
4.2992,-117.0489,-157.0489,
4.2995,-115.1975,-155.1975,
4.2998,-115.9164,-155.9164,
4.3001,-115.6342,-155.6342,
4.3004,-117.8196,-157.8196,
4.3007,-116.6854,-156.6854,
4.301,-115.2742,-155.2742,
4.3013,-116.0553,-156.0553,
4.3016,-117.8507,-157.8507,
4.3019,-115.7423,-155.7423,
4.3022,-116.7566,-156.7566,
4.3025,-116.6429,-156.6429,
4.3028,-117.1751,-157.1751,
4.3031,-118.1675,-158.1675,
4.3034,-115.8542,-155.8542,
4.3037,-116.1178,-156.1178,
4.304,-116.9711,-156.9711,
4.3043,-114.9104,-154.9104,
4.3046,-117.5818,-157.5818,
4.3049,-115.1252,-155.1252,
4.3052,-117.8559,-157.8559,
4.3055,-115.4467,-155.4467,
4.3058,-116.0013,-156.0013,
4.3061,-116.2419,-156.2419,
4.3064,-117.1278,-157.1278,
4.3067,-115.8948,-155.8948,
4.307,-115.6007,-155.6007,
4.3073,-115.7571,-155.7571,
4.3076,-114.9228,-154.9228,
4.3079,-116.4624,-156.4624,
4.3082,-115.8701,-155.8701,
4.3085,-116.2439,-156.2439,
4.3088,-115.6446,-155.6446,
4.3091,-116.1285,-156.1285,
4.3094,-114.4812,-154.4812,
4.3097,-116.6452,-156.6452,
4.31,-114.1333,-154.1333,
4.3103,-116.3025,-156.3025,
4.3106,-115.966,-155.966,
4.3109,-116.3459,-156.3459,
4.3112,-115.541,-155.541,
4.3115,-114.5836,-154.5836,
4.3118,-116.849,-156.849,
4.3121,-115.3821,-155.3821,
4.3124,-116.8712,-156.8712,
4.3127,-116.6227,-156.6227,
4.313,-116.0423,-156.0423,
4.3133,-115.1784,-155.1784,
4.3136,-115.0719,-155.0719,
4.3139,-115.4107,-155.4107,
4.3142,-115.9056,-155.9056,
4.3145,-116.8958,-156.8958,
4.3148,-116.2805,-156.2805,
4.3151,-114.9733,-154.9733,
4.3154,-116.4878,-156.4878,
4.3157,-116.4675,-156.4675,
4.316,-116.0632,-156.0632,
4.3163,-117.3178,-157.3178,
4.3166,-115.668,-155.668,
4.3169,-115.329,-155.329,
4.3172,-115.9115,-155.9115,
4.3175,-116.3728,-156.3728,
4.3178,-116.052,-156.052,
4.3181,-116.7136,-156.7136,
4.3184,-115.2142,-155.2142,
4.3187,-118.433,-158.433,
4.319,-117.2931,-157.2931,
4.3193,-116.6909,-156.6909,
4.3196,-117.4271,-157.4271,
4.3199,-116.326,-156.326,
4.3202,-116.9959,-156.9959,
4.3205,-116.9772,-156.9772,
4.3208,-116.2805,-156.2805,
4.3211,-116.8624,-156.8624,
4.3214,-118.4971,-158.4971,
4.3217,-115.7269,-155.7269,
4.322,-118.148,-158.148,
4.3223,-117.679,-157.679,
4.3226,-117.375,-157.375,
4.3229,-117.9769,-157.9769,
4.3232,-116.2313,-156.2313,
4.3235,-116.8059,-156.8059,
4.3238,-117.4824,-157.4824,
4.3241,-116.1951,-156.1951,
4.3244,-116.1576,-156.1576,
4.3247,-117.0285,-157.0285,
4.325,-120.5614,-160.5614,
4.3253,-118.0859,-158.0859,
4.3256,-116.2824,-156.2824,
4.3259,-117.3808,-157.3808,
4.3262,-117.8889,-157.8889,
4.3265,-117.2722,-157.2722,
4.3268,-116.9705,-156.9705,
4.3271,-117.2478,-157.2478,
4.3274,-116.5621,-156.5621,
4.3277,-117.4961,-157.4961,
4.328,-116.7852,-156.7852,
4.3283,-117.6687,-157.6687,
4.3286,-117.6494,-157.6494,
4.3289,-116.6206,-156.6206,
4.3292,-117.2498,-157.2498,
4.3295,-116.1281,-156.1281,
4.3298,-116.2175,-156.2175,
4.3301,-115.4555,-155.4555,
4.3304,-117.9035,-157.9035,
4.3307,-115.0297,-155.0297,
4.331,-116.8239,-156.8239,
4.3313,-117.5914,-157.5914,
4.3316,-116.183,-156.183,
4.3319,-115.134,-155.134,
4.3322,-116.1515,-156.1515,
4.3325,-118.6284,-158.6284,
4.3328,-116.2638,-156.2638,
4.3331,-117.2814,-157.2814,
4.3334,-116.6521,-156.6521,
4.3337,-117.365,-157.365,
4.334,-115.8836,-155.8836,
4.3343,-116.938,-156.938,
4.3346,-116.194,-156.194,
4.3349,-118.8119,-158.8119,
4.3352,-115.7662,-155.7662,
4.3355,-116.396,-156.396,
4.3358,-114.7215,-154.7215,
4.3361,-116.9998,-156.9998,
4.3364,-115.971,-155.971,
4.3367,-115.0789,-155.0789,
4.337,-115.3114,-155.3114,
4.3373,-115.6398,-155.6398,
4.3376,-117.8642,-157.8642,
4.3379,-115.9253,-155.9253,
4.3382,-116.7332,-156.7332,
4.3385,-117.2898,-157.2898,
4.3388,-115.2173,-155.2173,
4.3391,-116.5098,-156.5098,
4.3394,-117.5256,-157.5256,
4.3397,-115.9389,-155.9389,
4.34,-116.4947,-156.4947,
4.3403,-116.7991,-156.7991,
4.3406,-118.7622,-158.7622,
4.3409,-115.5392,-155.5392,
4.3412,-118.2101,-158.2101,
4.3415,-116.0422,-156.0422,
4.3418,-117.4835,-157.4835,
4.3421,-114.9621,-154.9621,
4.3424,-117.4027,-157.4027,
4.3427,-117.7507,-157.7507,
4.343,-115.897,-155.897,
4.3433,-116.1921,-156.1921,
4.3436,-115.2203,-155.2203,
4.3439,-116.6523,-156.6523,
4.3442,-115.5353,-155.5353,
4.3445,-116.3479,-156.3479,
4.3448,-116.6117,-156.6117,
4.3451,-115.9566,-155.9566,
4.3454,-116.9074,-156.9074,
4.3457,-117.3491,-157.3491,
4.346,-116.455,-156.455,
4.3463,-117.4902,-157.4902,
4.3466,-117.0208,-157.0208,
4.3469,-117.0526,-157.0526,
4.3472,-114.5435,-154.5435,
4.3475,-116.92,-156.92,
4.3478,-116.5324,-156.5324,
4.3481,-115.3065,-155.3065,
4.3484,-116.8088,-156.8088,
4.3487,-115.8444,-155.8444,
4.349,-116.2345,-156.2345,
4.3493,-115.8787,-155.8787,
4.3496,-117.9685,-157.9685,
4.3499,-115.563,-155.563,
4.3502,-115.984,-155.984,
4.3505,-115.823,-155.823,
4.3508,-115.7259,-155.7259,
4.3511,-115.7563,-155.7563,
4.3514,-117.2828,-157.2828,
4.3517,-116.3218,-156.3218,
4.352,-115.9732,-155.9732,
4.3523,-116.597,-156.597,
4.3526,-117.1143,-157.1143,
4.3529,-116.8297,-156.8297,
4.3532,-116.0946,-156.0946,
4.3535,-116.0145,-156.0145,
4.3538,-117.0222,-157.0222,
4.3541,-116.8441,-156.8441,
4.3544,-116.5392,-156.5392,
4.3547,-116.6656,-156.6656,
4.355,-116.0042,-156.0042,
4.3553,-116.7441,-156.7441,
4.3556,-117.1326,-157.1326,
4.3559,-116.3365,-156.3365,
4.3562,-116.2963,-156.2963,
4.3565,-116.045,-156.045,
4.3568,-116.2817,-156.2817,
4.3571,-116.8243,-156.8243,
4.3574,-117.57,-157.57,
4.3577,-117.7356,-157.7356,
4.358,-119.3241,-159.3241,
4.3583,-116.2481,-156.2481,
4.3586,-116.8903,-156.8903,
4.3589,-117.6313,-157.6313,
4.3592,-117.1501,-157.1501,
4.3595,-117.8614,-157.8614,
4.3598,-117.015,-157.015,
4.3601,-116.9816,-156.9816,
4.3604,-116.239,-156.239,
4.3607,-116.9911,-156.9911,
4.361,-115.0183,-155.0183,
4.3613,-115.9072,-155.9072,
4.3616,-114.7382,-154.7382,
4.3619,-116.8657,-156.8657,
4.3622,-117.7234,-157.7234,
4.3625,-118.6099,-158.6099,
4.3628,-118.6022,-158.6022,
4.3631,-115.158,-155.158,
4.3634,-117.0859,-157.0859,
4.3637,-117.3389,-157.3389,
4.364,-115.7074,-155.7074,
4.3643,-118.5216,-158.5216,
4.3646,-119.6538,-159.6538,
4.3649,-117.4838,-157.4838,
4.3652,-118.0706,-158.0706,
4.3655,-117.6626,-157.6626,
4.3658,-117.7565,-157.7565,
4.3661,-118.6865,-158.6865,
4.3664,-118.0005,-158.0005,
4.3667,-116.8573,-156.8573,
4.367,-117.6591,-157.6591,
4.3673,-116.1457,-156.1457,
4.3676,-115.6017,-155.6017,
4.3679,-117.6816,-157.6816,
4.3682,-117.4852,-157.4852,
4.3685,-118.6145,-158.6145,
4.3688,-117.956,-157.956,
4.3691,-115.7805,-155.7805,
4.3694,-118.1125,-158.1125,
4.3697,-116.5541,-156.5541,
4.37,-117.0046,-157.0046,
4.3703,-116.5193,-156.5193,
4.3706,-118.5809,-158.5809,
4.3709,-116.9025,-156.9025,
4.3712,-116.9922,-156.9922,
4.3715,-117.7017,-157.7017,
4.3718,-116.6199,-156.6199,
4.3721,-117.3129,-157.3129,
4.3724,-117.2502,-157.2502,
4.3727,-117.0005,-157.0005,
4.373,-117.264,-157.264,
4.3733,-115.3099,-155.3099,
4.3736,-117.9024,-157.9024,
4.3739,-116.4539,-156.4539,
4.3742,-118.0203,-158.0203,
4.3745,-116.3489,-156.3489,
4.3748,-115.9588,-155.9588,
4.3751,-115.3669,-155.3669,
4.3754,-116.0145,-156.0145,
4.3757,-116.4936,-156.4936,
4.376,-115.9036,-155.9036,
4.3763,-116.8736,-156.8736,
4.3766,-116.7334,-156.7334,
4.3769,-117.3782,-157.3782,
4.3772,-118.2638,-158.2638,
4.3775,-115.0519,-155.0519,
4.3778,-117.4048,-157.4048,
4.3781,-117.898,-157.898,
4.3784,-116.7425,-156.7425,
4.3787,-116.0665,-156.0665,
4.379,-116.2955,-156.2955,
4.3793,-116.8788,-156.8788,
4.3796,-116.5959,-156.5959,
4.3799,-116.4734,-156.4734,
4.3802,-115.7025,-155.7025,
4.3805,-115.5017,-155.5017,
4.3808,-118.0253,-158.0253,
4.3811,-114.5596,-154.5596,
4.3814,-116.6577,-156.6577,
4.3817,-115.6328,-155.6328,
4.382,-115.857,-155.857,
4.3823,-116.694,-156.694,
4.3826,-114.3357,-154.3357,
4.3829,-116.4246,-156.4246,
4.3832,-117.3482,-157.3482,
4.3835,-115.2035,-155.2035,
4.3838,-114.8058,-154.8058,
4.3841,-115.9666,-155.9666,
4.3844,-116.3823,-156.3823,
4.3847,-117.2116,-157.2116,
4.385,-116.1651,-156.1651,
4.3853,-115.8003,-155.8003,
4.3856,-114.9205,-154.9205,
4.3859,-116.8236,-156.8236,
4.3862,-115.2286,-155.2286,
4.3865,-116.1357,-156.1357,
4.3868,-116.3128,-156.3128,
4.3871,-117.6336,-157.6336,
4.3874,-115.6197,-155.6197,
4.3877,-116.7837,-156.7837,
4.388,-115.6736,-155.6736,
4.3883,-117.2839,-157.2839,
4.3886,-116.6341,-156.6341,
4.3889,-115.5818,-155.5818,
4.3892,-117.7955,-157.7955,
4.3895,-115.57,-155.57,
4.3898,-115.9909,-155.9909,
4.3901,-115.7039,-155.7039,
4.3904,-117.5182,-157.5182,
4.3907,-114.9144,-154.9144,
4.391,-117.0425,-157.0425,
4.3913,-116.4568,-156.4568,
4.3916,-116.8337,-156.8337,
4.3919,-119.014,-159.014,
4.3922,-119.2863,-159.2863,
4.3925,-116.3359,-156.3359,
4.3928,-115.4311,-155.4311,
4.3931,-118.242,-158.242,
4.3934,-117.4956,-157.4956,
4.3937,-114.7645,-154.7645,
4.394,-116.0277,-156.0277,
4.3943,-115.8037,-155.8037,
4.3946,-117.3577,-157.3577,
4.3949,-116.2757,-156.2757,
4.3952,-118.0541,-158.0541,
4.3955,-117.7031,-157.7031,
4.3958,-117.0723,-157.0723,
4.3961,-116.9419,-156.9419,
4.3964,-115.4016,-155.4016,
4.3967,-117.0765,-157.0765,
4.397,-116.0709,-156.0709,
4.3973,-115.4037,-155.4037,
4.3976,-115.9126,-155.9126,
4.3979,-116.9118,-156.9118,
4.3982,-114.9539,-154.9539,
4.3985,-116.8781,-156.8781,
4.3988,-116.0714,-156.0714,
4.3991,-118.7764,-158.7764,
4.3994,-116.9214,-156.9214,
4.3997,-117.9898,-157.9898,
4.4,-117.7786,-157.7786,
4.4003,-115.9015,-155.9015,
4.4006,-117.2195,-157.2195,
4.4009,-114.7517,-154.7517,
4.4012,-117.5569,-157.5569,
4.4015,-116.5292,-156.5292,
4.4018,-115.4961,-155.4961,
4.4021,-118.093,-158.093,
4.4024,-117.462,-157.462,
4.4027,-116.5285,-156.5285,
4.403,-115.8546,-155.8546,
4.4033,-115.6355,-155.6355,
4.4036,-117.0948,-157.0948,
4.4039,-117.5491,-157.5491,
4.4042,-117.1791,-157.1791,
4.4045,-118.2194,-158.2194,
4.4048,-116.5428,-156.5428,
4.4051,-118.8788,-158.8788,
4.4054,-118.3593,-158.3593,
4.4057,-117.2165,-157.2165,
4.406,-117.6957,-157.6957,
4.4063,-119.289,-159.289,
4.4066,-118.0377,-158.0377,
4.4069,-117.7365,-157.7365,
4.4072,-117.9545,-157.9545,
4.4075,-118.3546,-158.3546,
4.4078,-117.333,-157.333,
4.4081,-116.0414,-156.0414,
4.4084,-117.5985,-157.5985,
4.4087,-116.2702,-156.2702,
4.409,-117.1603,-157.1603,
4.4093,-116.1569,-156.1569,
4.4096,-117.0625,-157.0625,
4.4099,-117.1434,-157.1434,
4.4102,-116.268,-156.268,
4.4105,-116.3408,-156.3408,
4.4108,-117.4625,-157.4625,
4.4111,-115.767,-155.767,
4.4114,-118.653,-158.653,
4.4117,-117.8891,-157.8891,
4.412,-116.1633,-156.1633,
4.4123,-117.2278,-157.2278,
4.4126,-115.9477,-155.9477,
4.4129,-115.4038,-155.4038,
4.4132,-117.5011,-157.5011,
4.4135,-116.1856,-156.1856,
4.4138,-116.8218,-156.8218,
4.4141,-116.0016,-156.0016,
4.4144,-117.1768,-157.1768,
4.4147,-118.3085,-158.3085,
4.415,-116.7209,-156.7209,
4.4153,-117.1767,-157.1767,
4.4156,-116.841,-156.841,
4.4159,-119.2523,-159.2523,
4.4162,-116.1478,-156.1478,
4.4165,-115.6887,-155.6887,
4.4168,-115.332,-155.332,
4.4171,-116.6215,-156.6215,
4.4174,-117.5178,-157.5178,
4.4177,-117.3141,-157.3141,
4.418,-117.9132,-157.9132,
4.4183,-115.925,-155.925,
4.4186,-114.6366,-154.6366,
4.4189,-117.5688,-157.5688,
4.4192,-115.689,-155.689,
4.4195,-117.6081,-157.6081,
4.4198,-116.5941,-156.5941,
4.4201,-115.1823,-155.1823,
4.4204,-115.6248,-155.6248,
4.4207,-115.3783,-155.3783,
4.421,-116.6651,-156.6651,
4.4213,-115.0407,-155.0407,
4.4216,-116.7672,-156.7672,
4.4219,-115.6748,-155.6748,
4.4222,-114.4334,-154.4334,
4.4225,-115.5672,-155.5672,
4.4228,-116.3983,-156.3983,
4.4231,-116.7306,-156.7306,
4.4234,-116.3066,-156.3066,
4.4237,-117.2938,-157.2938,
4.424,-116.0243,-156.0243,
4.4243,-116.3713,-156.3713,
4.4246,-115.4574,-155.4574,
4.4249,-114.8673,-154.8673,
4.4252,-115.9548,-155.9548,
4.4255,-116.2196,-156.2196,
4.4258,-116.8066,-156.8066,
4.4261,-115.8659,-155.8659,
4.4264,-117.8877,-157.8877,
4.4267,-114.4817,-154.4817,
4.427,-116.859,-156.859,
4.4273,-116.1363,-156.1363,
4.4276,-116.9384,-156.9384,
4.4279,-117.6115,-157.6115,
4.4282,-116.6643,-156.6643,
4.4285,-116.7043,-156.7043,
4.4288,-115.7485,-155.7485,
4.4291,-115.4491,-155.4491,
4.4294,-115.916,-155.916,
4.4297,-115.6635,-155.6635,
4.43,-118.0642,-158.0642,
4.4303,-114.8365,-154.8365,
4.4306,-116.1253,-156.1253,
4.4309,-116.0791,-156.0791,
4.4312,-114.9749,-154.9749,
4.4315,-115.7848,-155.7848,
4.4318,-118.1271,-158.1271,
4.4321,-116.4194,-156.4194,
4.4324,-116.7843,-156.7843,
4.4327,-118.3183,-158.3183,
4.433,-116.8965,-156.8965,
4.4333,-115.1494,-155.1494,
4.4336,-118.012,-158.012,
4.4339,-117.9139,-157.9139,
4.4342,-117.7396,-157.7396,
4.4345,-116.4969,-156.4969,
4.4348,-115.3139,-155.3139,
4.4351,-115.7562,-155.7562,
4.4354,-116.9813,-156.9813,
4.4357,-117.2136,-157.2136,
4.436,-114.51,-154.51,
4.4363,-117.1787,-157.1787,
4.4366,-115.7716,-155.7716,
4.4369,-115.4714,-155.4714,
4.4372,-117.0319,-157.0319,
4.4375,-116.3372,-156.3372,
4.4378,-115.2548,-155.2548,
4.4381,-117.132,-157.132,
4.4384,-117.3673,-157.3673,
4.4387,-116.4361,-156.4361,
4.439,-117.723,-157.723,
4.4393,-118.1388,-158.1388,
4.4396,-115.0127,-155.0127,
4.4399,-117.1986,-157.1986,
4.4402,-115.7347,-155.7347,
4.4405,-118.9877,-158.9877,
4.4408,-117.5506,-157.5506,
4.4411,-115.3975,-155.3975,
4.4414,-117.3943,-157.3943,
4.4417,-117.8981,-157.8981,
4.442,-115.9748,-155.9748,
4.4423,-116.8235,-156.8235,
4.4426,-117.3515,-157.3515,
4.4429,-115.3087,-155.3087,
4.4432,-116.3336,-156.3336,
4.4435,-117.7643,-157.7643,
4.4438,-117.3353,-157.3353,
4.4441,-114.3738,-154.3738,
4.4444,-116.8917,-156.8917,
4.4447,-117.8778,-157.8778,
4.445,-117.8667,-157.8667,
4.4453,-116.8087,-156.8087,
4.4456,-115.1856,-155.1856,
4.4459,-118.1198,-158.1198,
4.4462,-116.7209,-156.7209,
4.4465,-116.2509,-156.2509,
4.4468,-117.6839,-157.6839,
4.4471,-118.25,-158.25,
4.4474,-116.7233,-156.7233,
4.4477,-116.5149,-156.5149,
4.448,-116.6252,-156.6252,
4.4483,-117.2563,-157.2563,
4.4486,-116.1614,-156.1614,
4.4489,-117.3692,-157.3692,
4.4492,-116.8508,-156.8508,
4.4495,-115.7996,-155.7996,
4.4498,-117.1211,-157.1211,
4.4501,-117.1261,-157.1261,
4.4504,-117.7911,-157.7911,
4.4507,-117.0214,-157.0214,
4.451,-116.9581,-156.9581,
4.4513,-117.5261,-157.5261,
4.4516,-115.8779,-155.8779,
4.4519,-116.8968,-156.8968,
4.4522,-117.6818,-157.6818,
4.4525,-117.808,-157.808,
4.4528,-118.5035,-158.5035,
4.4531,-117.6811,-157.6811,
4.4534,-116.4927,-156.4927,
4.4537,-117.7803,-157.7803,
4.454,-115.4317,-155.4317,
4.4543,-115.8265,-155.8265,
4.4546,-116.9606,-156.9606,
4.4549,-115.9768,-155.9768,
4.4552,-115.0585,-155.0585,
4.4555,-115.4942,-155.4942,
4.4558,-117.3443,-157.3443,
4.4561,-116.692,-156.692,
4.4564,-117.3692,-157.3692,
4.4567,-115.4168,-155.4168,
4.457,-116.8208,-156.8208,
4.4573,-116.3565,-156.3565,
4.4576,-116.6468,-156.6468,
4.4579,-114.0973,-154.0973,
4.4582,-117.4756,-157.4756,
4.4585,-114.8698,-154.8698,
4.4588,-117.0923,-157.0923,
4.4591,-116.1689,-156.1689,
4.4594,-115.9347,-155.9347,
4.4597,-116.0485,-156.0485,
4.46,-116.4519,-156.4519,
4.4603,-117.7271,-157.7271,
4.4606,-115.9335,-155.9335,
4.4609,-115.034,-155.034,
4.4612,-118.0528,-158.0528,
4.4615,-118.1045,-158.1045,
4.4618,-116.9059,-156.9059,
4.4621,-116.5022,-156.5022,
4.4624,-116.5128,-156.5128,
4.4627,-117.4217,-157.4217,
4.463,-116.0019,-156.0019,
4.4633,-117.4988,-157.4988,
4.4636,-116.9253,-156.9253,
4.4639,-114.8964,-154.8964,
4.4642,-116.1252,-156.1252,
4.4645,-117.1438,-157.1438,
4.4648,-116.1887,-156.1887,
4.4651,-117.4122,-157.4122,
4.4654,-115.9851,-155.9851,
4.4657,-116.2077,-156.2077,
4.466,-117.3123,-157.3123,
4.4663,-117.5282,-157.5282,
4.4666,-115.5487,-155.5487,
4.4669,-116.1245,-156.1245,
4.4672,-115.8457,-155.8457,
4.4675,-116.471,-156.471,
4.4678,-117.1836,-157.1836,
4.4681,-117.6399,-157.6399,
4.4684,-116.2053,-156.2053,
4.4687,-117.1989,-157.1989,
4.469,-117.2621,-157.2621,
4.4693,-116.6399,-156.6399,
4.4696,-115.0441,-155.0441,
4.4699,-116.7075,-156.7075,
4.4702,-117.6576,-157.6576,
4.4705,-116.3022,-156.3022,
4.4708,-117.6394,-157.6394,
4.4711,-117.5492,-157.5492,
4.4714,-116.296,-156.296,
4.4717,-118.2001,-158.2001,
4.472,-116.3811,-156.3811,
4.4723,-117.6567,-157.6567,
4.4726,-116.2443,-156.2443,
4.4729,-116.8047,-156.8047,
4.4732,-117.0496,-157.0496,
4.4735,-117.1623,-157.1623,
4.4738,-116.3806,-156.3806,
4.4741,-115.2784,-155.2784,
4.4744,-116.894,-156.894,
4.4747,-117.0263,-157.0263,
4.475,-115.3071,-155.3071,
4.4753,-117.1196,-157.1196,
4.4756,-116.8932,-156.8932,
4.4759,-117.668,-157.668,
4.4762,-116.8416,-156.8416,
4.4765,-116.3531,-156.3531,
4.4768,-117.5533,-157.5533,
4.4771,-118.2073,-158.2073,
4.4774,-117.2672,-157.2672,
4.4777,-117.5292,-157.5292,
4.478,-116.9415,-156.9415,
4.4783,-115.5554,-155.5554,
4.4786,-116.021,-156.021,
4.4789,-117.7356,-157.7356,
4.4792,-116.8427,-156.8427,
4.4795,-117.6996,-157.6996,
4.4798,-118.7207,-158.7207,
4.4801,-118.7136,-158.7136,
4.4804,-116.3048,-156.3048,
4.4807,-117.7804,-157.7804,
4.481,-117.373,-157.373,
4.4813,-116.9966,-156.9966,
4.4816,-116.5902,-156.5902,
4.4819,-117.556,-157.556,
4.4822,-115.4611,-155.4611,
4.4825,-119.1334,-159.1334,
4.4828,-117.0805,-157.0805,
4.4831,-117.6855,-157.6855,
4.4834,-118.101,-158.101,
4.4837,-118.2981,-158.2981,
4.484,-118.8609,-158.8609,
4.4843,-117.9711,-157.9711,
4.4846,-116.7644,-156.7644,
4.4849,-118.2084,-158.2084,
4.4852,-117.0451,-157.0451,
4.4855,-117.222,-157.222,
4.4858,-116.4653,-156.4653,
4.4861,-116.6116,-156.6116,
4.4864,-117.7268,-157.7268,
4.4867,-115.6611,-155.6611,
4.487,-118.1282,-158.1282,
4.4873,-117.8675,-157.8675,
4.4876,-117.5321,-157.5321,
4.4879,-117.0481,-157.0481,
4.4882,-117.499,-157.499,
4.4885,-116.493,-156.493,
4.4888,-116.6192,-156.6192,
4.4891,-117.6977,-157.6977,
4.4894,-117.6273,-157.6273,
4.4897,-118.536,-158.536,
4.49,-117.446,-157.446,
4.4903,-117.7394,-157.7394,
4.4906,-117.0426,-157.0426,
4.4909,-116.7451,-156.7451,
4.4912,-118.8739,-158.8739,
4.4915,-117.1152,-157.1152,
4.4918,-117.6592,-157.6592,
4.4921,-119.0034,-159.0034,
4.4924,-116.626,-156.626,
4.4927,-116.4024,-156.4024,
4.493,-118.2394,-158.2394,
4.4933,-115.2323,-155.2323,
4.4936,-117.964,-157.964,
4.4939,-117.2148,-157.2148,
4.4942,-115.5185,-155.5185,
4.4945,-115.8826,-155.8826,
4.4948,-116.4109,-156.4109,
4.4951,-116.3718,-156.3718,
4.4954,-117.3237,-157.3237,
4.4957,-117.2313,-157.2313,
4.496,-115.4972,-155.4972,
4.4963,-117.0423,-157.0423,
4.4966,-117.5704,-157.5704,
4.4969,-115.9054,-155.9054,
4.4972,-115.9461,-155.9461,
4.4975,-117.0904,-157.0904,
4.4978,-116.2665,-156.2665,
4.4981,-115.7434,-155.7434,
4.4984,-116.5663,-156.5663,
4.4987,-115.8421,-155.8421,
4.499,-116.0738,-156.0738,
4.4993,-115.2385,-155.2385,
4.4996,-114.9085,-154.9085,
4.4999,-115.0608,-155.0608,
4.5002,-117.5405,-157.5405,
4.5005,-115.2676,-155.2676,
4.5008,-116.2745,-156.2745,
4.5011,-115.9015,-155.9015,
4.5014,-116.2247,-156.2247,
4.5017,-116.1082,-156.1082,
4.502,-117.3275,-157.3275,
4.5023,-116.375,-156.375,
4.5026,-116.806,-156.806,
4.5029,-116.2985,-156.2985,
4.5032,-118.4783,-158.4783,
4.5035,-116.7055,-156.7055,
4.5038,-114.774,-154.774,
4.5041,-118.1273,-158.1273,
4.5044,-115.8911,-155.8911,
4.5047,-115.9898,-155.9898,
4.505,-117.8754,-157.8754,
4.5053,-114.8217,-154.8217,
4.5056,-117.3577,-157.3577,
4.5059,-116.7461,-156.7461,
4.5062,-116.531,-156.531,
4.5065,-116.8052,-156.8052,
4.5068,-117.0297,-157.0297,
4.5071,-116.1653,-156.1653,
4.5074,-115.9189,-155.9189,
4.5077,-116.1523,-156.1523,
4.508,-117.6236,-157.6236,
4.5083,-116.3445,-156.3445,
4.5086,-115.9505,-155.9505,
4.5089,-116.2033,-156.2033,
4.5092,-116.8116,-156.8116,
4.5095,-116.7666,-156.7666,
4.5098,-116.5156,-156.5156,
4.5101,-116.5526,-156.5526,
4.5104,-115.4075,-155.4075,
4.5107,-116.5836,-156.5836,
4.511,-116.763,-156.763,
4.5113,-116.4273,-156.4273,
4.5116,-116.781,-156.781,
4.5119,-116.8078,-156.8078,
4.5122,-115.8988,-155.8988,
4.5125,-117.6891,-157.6891,
4.5128,-116.2396,-156.2396,
4.5131,-116.3016,-156.3016,
4.5134,-116.2603,-156.2603,
4.5137,-117.0189,-157.0189,
4.514,-115.5098,-155.5098,
4.5143,-116.3674,-156.3674,
4.5146,-117.6195,-157.6195,
4.5149,-115.6292,-155.6292,
4.5152,-116.6428,-156.6428,
4.5155,-118.3323,-158.3323,
4.5158,-116.286,-156.286,
4.5161,-116.5853,-156.5853,
4.5164,-117.3825,-157.3825,
4.5167,-115.9043,-155.9043,
4.517,-116.6722,-156.6722,
4.5173,-117.7635,-157.7635,
4.5176,-117.7676,-157.7676,
4.5179,-117.1701,-157.1701,
4.5182,-118.457,-158.457,
4.5185,-116.0466,-156.0466,
4.5188,-116.7149,-156.7149,
4.5191,-116.8261,-156.8261,
4.5194,-118.0229,-158.0229,
4.5197,-117.4312,-157.4312,
4.52,-117.7811,-157.7811,
4.5203,-117.6727,-157.6727,
4.5206,-118.5627,-158.5627,
4.5209,-117.1984,-157.1984,
4.5212,-117.5333,-157.5333,
4.5215,-117.889,-157.889,
4.5218,-116.4516,-156.4516,
4.5221,-117.5006,-157.5006,
4.5224,-115.8968,-155.8968,
4.5227,-117.4239,-157.4239,
4.523,-116.8553,-156.8553,
4.5233,-118.7599,-158.7599,
4.5236,-117.3851,-157.3851,
4.5239,-116.1647,-156.1647,
4.5242,-118.2051,-158.2051,
4.5245,-115.5851,-155.5851,
4.5248,-118.008,-158.008,
4.5251,-116.5522,-156.5522,
4.5254,-116.0707,-156.0707,
4.5257,-117.6367,-157.6367,
4.526,-117.9568,-157.9568,
4.5263,-118.7457,-158.7457,
4.5266,-117.2157,-157.2157,
4.5269,-117.1746,-157.1746,
4.5272,-116.662,-156.662,
4.5275,-118.7099,-158.7099,
4.5278,-117.6437,-157.6437,
4.5281,-118.3225,-158.3225,
4.5284,-117.8708,-157.8708,
4.5287,-117.7579,-157.7579,
4.529,-118.201,-158.201,
4.5293,-116.8712,-156.8712,
4.5296,-117.3483,-157.3483,
4.5299,-116.885,-156.885,
4.5302,-118.3856,-158.3856,
4.5305,-117.5907,-157.5907,
4.5308,-117.3459,-157.3459,
4.5311,-119.4352,-159.4352,
4.5314,-117.0118,-157.0118,
4.5317,-117.0743,-157.0743,
4.532,-116.7355,-156.7355,
4.5323,-117.8282,-157.8282,
4.5326,-116.6463,-156.6463,
4.5329,-118.4673,-158.4673,
4.5332,-116.9086,-156.9086,
4.5335,-118.4919,-158.4919,
4.5338,-115.9731,-155.9731,
4.5341,-118.4401,-158.4401,
4.5344,-116.9604,-156.9604,
4.5347,-115.7643,-155.7643,
4.535,-115.2162,-155.2162,
4.5353,-115.279,-155.279,
4.5356,-117.3754,-157.3754,
4.5359,-117.8669,-157.8669,
4.5362,-116.0884,-156.0884,
4.5365,-114.6588,-154.6588,
4.5368,-116.7979,-156.7979,
4.5371,-116.4458,-156.4458,
4.5374,-114.8926,-154.8926,
4.5377,-116.5186,-156.5186,
4.538,-116.5354,-156.5354,
4.5383,-114.8923,-154.8923,
4.5386,-115.4367,-155.4367,
4.5389,-116.2469,-156.2469,
4.5392,-116.5528,-156.5528,
4.5395,-116.4384,-156.4384,
4.5398,-118.2624,-158.2624,
4.5401,-115.4273,-155.4273,
4.5404,-116.2922,-156.2922,
4.5407,-116.1689,-156.1689,
4.541,-116.4638,-156.4638,
4.5413,-114.0855,-154.0855,
4.5416,-117.2903,-157.2903,
4.5419,-114.4145,-154.4145,
4.5422,-118.4223,-158.4223,
4.5425,-114.6435,-154.6435,
4.5428,-116.1719,-156.1719,
4.5431,-116.4703,-156.4703,
4.5434,-114.1908,-154.1908,
4.5437,-115.4841,-155.4841,
4.544,-116.1099,-156.1099,
4.5443,-115.4361,-155.4361,
4.5446,-117.5999,-157.5999,
4.5449,-116.1707,-156.1707,
4.5452,-116.9912,-156.9912,
4.5455,-115.1482,-155.1482,
4.5458,-117.9781,-157.9781,
4.5461,-116.2752,-156.2752,
4.5464,-114.8014,-154.8014,
4.5467,-115.9789,-155.9789,
4.547,-116.6212,-156.6212,
4.5473,-115.4865,-155.4865,
4.5476,-114.5622,-154.5622,
4.5479,-116.4744,-156.4744,
4.5482,-115.9888,-155.9888,
4.5485,-114.7222,-154.7222,
4.5488,-115.2706,-155.2706,
4.5491,-117.1228,-157.1228,
4.5494,-117.4292,-157.4292,
4.5497,-117.2125,-157.2125,
4.55,-117.0129,-157.0129,
4.5503,-116.9447,-156.9447,
4.5506,-116.2476,-156.2476,
4.5509,-115.6087,-155.6087,
4.5512,-115.618,-155.618,
4.5515,-114.2895,-154.2895,
4.5518,-115.4704,-155.4704,
4.5521,-117.1038,-157.1038,
4.5524,-116.3964,-156.3964,
4.5527,-118.0579,-158.0579,
4.553,-116.3855,-156.3855,
4.5533,-116.3335,-156.3335,
4.5536,-117.6998,-157.6998,
4.5539,-117.2035,-157.2035,
4.5542,-117.118,-157.118,
4.5545,-117.1927,-157.1927,
4.5548,-117.5526,-157.5526,
4.5551,-117.6001,-157.6001,
4.5554,-118.4816,-158.4816,
4.5557,-117.0128,-157.0128,
4.556,-117.0562,-157.0562,
4.5563,-117.8831,-157.8831,
4.5566,-117.7808,-157.7808,
4.5569,-116.2778,-156.2778,
4.5572,-117.1846,-157.1846,
4.5575,-116.3691,-156.3691,
4.5578,-116.2222,-156.2222,
4.5581,-117.998,-157.998,
4.5584,-115.8416,-155.8416,
4.5587,-119.0871,-159.0871,
4.559,-116.8699,-156.8699,
4.5593,-117.8755,-157.8755,
4.5596,-117.7339,-157.7339,
4.5599,-117.7583,-157.7583,
4.5602,-118.6128,-158.6128,
4.5605,-117.9719,-157.9719,
4.5608,-118.1475,-158.1475,
4.5611,-117.3841,-157.3841,
4.5614,-117.6295,-157.6295,
4.5617,-116.6565,-156.6565,
4.562,-117.5359,-157.5359,
4.5623,-117.3744,-157.3744,
4.5626,-118.3831,-158.3831,
4.5629,-116.6202,-156.6202,
4.5632,-117.894,-157.894,
4.5635,-118.79,-158.79,
4.5638,-117.0812,-157.0812,
4.5641,-116.1782,-156.1782,
4.5644,-117.8401,-157.8401,
4.5647,-117.8912,-157.8912,
4.565,-118.0895,-158.0895,
4.5653,-116.91,-156.91,
4.5656,-117.4104,-157.4104,
4.5659,-117.8589,-157.8589,
4.5662,-119.6878,-159.6878,
4.5665,-117.4866,-157.4866,
4.5668,-116.6329,-156.6329,
4.5671,-117.9395,-157.9395,
4.5674,-118.266,-158.266,
4.5677,-116.4368,-156.4368,
4.568,-118.5776,-158.5776,
4.5683,-117.622,-157.622,
4.5686,-119.3334,-159.3334,
4.5689,-116.8637,-156.8637,
4.5692,-116.0241,-156.0241,
4.5695,-116.3599,-156.3599,
4.5698,-117.7401,-157.7401,
4.5701,-118.1476,-158.1476,
4.5704,-117.5315,-157.5315,
4.5707,-119.315,-159.315,
4.571,-116.6662,-156.6662,
4.5713,-116.1409,-156.1409,
4.5716,-115.9287,-155.9287,
4.5719,-116.2092,-156.2092,
4.5722,-116.7656,-156.7656,
4.5725,-118.6457,-158.6457,
4.5728,-116.7828,-156.7828,
4.5731,-118.4346,-158.4346,
4.5734,-117.3103,-157.3103,
4.5737,-115.8139,-155.8139,
4.574,-116.6465,-156.6465,
4.5743,-117.3067,-157.3067,
4.5746,-116.2238,-156.2238,
4.5749,-117.4286,-157.4286,
4.5752,-117.5812,-157.5812,
4.5755,-118.4809,-158.4809,
4.5758,-116.1534,-156.1534,
4.5761,-115.6714,-155.6714,
4.5764,-116.7314,-156.7314,
4.5767,-116.4982,-156.4982,
4.577,-118.1032,-158.1032,
4.5773,-116.0621,-156.0621,
4.5776,-116.7192,-156.7192,
4.5779,-117.1783,-157.1783,
4.5782,-115.7267,-155.7267,
4.5785,-116.8462,-156.8462,
4.5788,-117.617,-157.617,
4.5791,-115.9838,-155.9838,
4.5794,-114.6126,-154.6126,
4.5797,-117.1621,-157.1621,
4.58,-114.9997,-154.9997,
4.5803,-115.0403,-155.0403,
4.5806,-116.2657,-156.2657,
4.5809,-115.5011,-155.5011,
4.5812,-115.3623,-155.3623,
4.5815,-115.6779,-155.6779,
4.5818,-115.5031,-155.5031,
4.5821,-115.3804,-155.3804,
4.5824,-117.3594,-157.3594,
4.5827,-115.9236,-155.9236,
4.583,-115.2063,-155.2063,
4.5833,-117.2718,-157.2718,
4.5836,-116.4557,-156.4557,
4.5839,-116.6859,-156.6859,
4.5842,-115.7018,-155.7018,
4.5845,-115.7142,-155.7142,
4.5848,-115.3496,-155.3496,
4.5851,-116.9772,-156.9772,
4.5854,-116.1849,-156.1849,
4.5857,-118.7237,-158.7237,
4.586,-114.6337,-154.6337,
4.5863,-115.0466,-155.0466,
4.5866,-116.6891,-156.6891,
4.5869,-116.9661,-156.9661,
4.5872,-117.8166,-157.8166,
4.5875,-116.0216,-156.0216,
4.5878,-115.2919,-155.2919,
4.5881,-116.0124,-156.0124,
4.5884,-115.1885,-155.1885,
4.5887,-117.5749,-157.5749,
4.589,-115.7582,-155.7582,
4.5893,-114.0331,-154.0331,
4.5896,-116.295,-156.295,
4.5899,-116.0842,-156.0842,
4.5902,-116.465,-156.465,
4.5905,-115.7387,-155.7387,
4.5908,-115.3192,-155.3192,
4.5911,-117.357,-157.357,
4.5914,-116.4354,-156.4354,
4.5917,-115.1911,-155.1911,
4.592,-116.4007,-156.4007,
4.5923,-116.1298,-156.1298,
4.5926,-116.6044,-156.6044,
4.5929,-117.5901,-157.5901,
4.5932,-115.0633,-155.0633,
4.5935,-116.5183,-156.5183,
4.5938,-116.9266,-156.9266,
4.5941,-116.0619,-156.0619,
4.5944,-117.5765,-157.5765,
4.5947,-115.8591,-155.8591,
4.595,-118.0246,-158.0246,
4.5953,-117.4882,-157.4882,
4.5956,-118.0689,-158.0689,
4.5959,-118.1985,-158.1985,
4.5962,-116.5639,-156.5639,
4.5965,-116.3118,-156.3118,
4.5968,-116.9131,-156.9131,
4.5971,-118.1811,-158.1811,
4.5974,-116.5549,-156.5549,
4.5977,-118.3956,-158.3956,
4.598,-117.3254,-157.3254,
4.5983,-115.5796,-155.5796,
4.5986,-117.23,-157.23,
4.5989,-115.3877,-155.3877,
4.5992,-116.678,-156.678,
4.5995,-117.7254,-157.7254,
4.5998,-118.3472,-158.3472,
4.6001,-119.1431,-159.1431,
4.6004,-117.2354,-157.2354,
4.6007,-117.6949,-157.6949,
4.601,-116.2816,-156.2816,
4.6013,-117.5314,-157.5314,
4.6016,-118.028,-158.028,
4.6019,-119.2621,-159.2621,
4.6022,-117.9562,-157.9562,
4.6025,-117.2852,-157.2852,
4.6028,-116.5839,-156.5839,
4.6031,-116.1474,-156.1474,
4.6034,-117.2591,-157.2591,
4.6037,-119.6557,-159.6557,
4.604,-117.7881,-157.7881,
4.6043,-115.966,-155.966,
4.6046,-118.7785,-158.7785,
4.6049,-116.8513,-156.8513,
4.6052,-119.5042,-159.5042,
4.6055,-115.3675,-155.3675,
4.6058,-117.1729,-157.1729,
4.6061,-115.6532,-155.6532,
4.6064,-117.2363,-157.2363,
4.6067,-118.2057,-158.2057,
4.607,-117.0278,-157.0278,
4.6073,-119.3615,-159.3615,
4.6076,-116.486,-156.486,
4.6079,-117.7837,-157.7837,
4.6082,-116.8735,-156.8735,
4.6085,-117.0062,-157.0062,
4.6088,-117.6452,-157.6452,
4.6091,-118.1235,-158.1235,
4.6094,-116.3253,-156.3253,
4.6097,-119.2293,-159.2293,
4.61,-118.0067,-158.0067,
4.6103,-118.3006,-158.3006,
4.6106,-117.9662,-157.9662,
4.6109,-115.7082,-155.7082,
4.6112,-117.9874,-157.9874,
4.6115,-116.566,-156.566,
4.6118,-117.652,-157.652,
4.6121,-118.4804,-158.4804,
4.6124,-117.3769,-157.3769,
4.6127,-118.2176,-158.2176,
4.613,-115.999,-155.999,
4.6133,-116.4745,-156.4745,
4.6136,-119.3055,-159.3055,
4.6139,-116.8021,-156.8021,
4.6142,-117.1447,-157.1447,
4.6145,-117.0729,-157.0729,
4.6148,-118.421,-158.421,
4.6151,-116.8165,-156.8165,
4.6154,-117.1741,-157.1741,
4.6157,-115.7252,-155.7252,
4.616,-116.9657,-156.9657,
4.6163,-116.0721,-156.0721,
4.6166,-116.6438,-156.6438,
4.6169,-117.4076,-157.4076,
4.6172,-117.0509,-157.0509,
4.6175,-117.5464,-157.5464,
4.6178,-117.4303,-157.4303,
4.6181,-116.4303,-156.4303,
4.6184,-117.9447,-157.9447,
4.6187,-117.8073,-157.8073,
4.619,-118.3136,-158.3136,
4.6193,-118.264,-158.264,
4.6196,-116.504,-156.504,
4.6199,-115.9893,-155.9893,
4.6202,-117.3704,-157.3704,
4.6205,-115.8434,-155.8434,
4.6208,-116.3419,-156.3419,
4.6211,-115.8277,-155.8277,
4.6214,-115.742,-155.742,
4.6217,-115.9676,-155.9676,
4.622,-116.4899,-156.4899,
4.6223,-117.2541,-157.2541,
4.6226,-116.762,-156.762,
4.6229,-115.7034,-155.7034,
4.6232,-113.9551,-153.9551,
4.6235,-117.3601,-157.3601,
4.6238,-115.9793,-155.9793,
4.6241,-115.651,-155.651,
4.6244,-115.8024,-155.8024,
4.6247,-116.0128,-156.0128,
4.625,-115.088,-155.088,
4.6253,-115.9792,-155.9792,
4.6256,-116.1495,-156.1495,
4.6259,-117.0652,-157.0652,
4.6262,-115.9637,-155.9637,
4.6265,-115.3588,-155.3588,
4.6268,-116.7937,-156.7937,
4.6271,-115.657,-155.657,
4.6274,-117.2164,-157.2164,
4.6277,-116.3483,-156.3483,
4.628,-114.8903,-154.8903,
4.6283,-114.7726,-154.7726,
4.6286,-115.9178,-155.9178,
4.6289,-115.2606,-155.2606,
4.6292,-116.1045,-156.1045,
4.6295,-116.8931,-156.8931,
4.6298,-116.5872,-156.5872,
4.6301,-115.8995,-155.8995,
4.6304,-115.8691,-155.8691,
4.6307,-117.4182,-157.4182,
4.631,-116.0478,-156.0478,
4.6313,-115.4787,-155.4787,
4.6316,-114.9901,-154.9901,
4.6319,-116.423,-156.423,
4.6322,-116.6137,-156.6137,
4.6325,-115.9754,-155.9754,
4.6328,-116.3565,-156.3565,
4.6331,-115.4308,-155.4308,
4.6334,-115.7489,-155.7489,
4.6337,-116.6625,-156.6625,
4.634,-114.0348,-154.0348,
4.6343,-116.0927,-156.0927,
4.6346,-115.0347,-155.0347,
4.6349,-116.2363,-156.2363,
4.6352,-116.453,-156.453,
4.6355,-116.7741,-156.7741,
4.6358,-117.9513,-157.9513,
4.6361,-115.4989,-155.4989,
4.6364,-115.8889,-155.8889,
4.6367,-118.3574,-158.3574,
4.637,-115.8254,-155.8254,
4.6373,-116.7239,-156.7239,
4.6376,-114.9545,-154.9545,
4.6379,-115.8531,-155.8531,
4.6382,-117.7558,-157.7558,
4.6385,-117.3962,-157.3962,
4.6388,-117.1309,-157.1309,
4.6391,-118.8804,-158.8804,
4.6394,-115.5598,-155.5598,
4.6397,-118.3757,-158.3757,
4.64,-116.6561,-156.6561,
4.6403,-116.8479,-156.8479,
4.6406,-115.5602,-155.5602,
4.6409,-117.1192,-157.1192,
4.6412,-118.4627,-158.4627,
4.6415,-118.0669,-158.0669,
4.6418,-117.521,-157.521,
4.6421,-116.6786,-156.6786,
4.6424,-115.7536,-155.7536,
4.6427,-116.2286,-156.2286,
4.643,-116.5041,-156.5041,
4.6433,-117.1623,-157.1623,
4.6436,-115.1046,-155.1046,
4.6439,-118.5405,-158.5405,
4.6442,-117.8145,-157.8145,
4.6445,-116.992,-156.992,
4.6448,-117.9693,-157.9693,
4.6451,-117.6589,-157.6589,
4.6454,-115.9941,-155.9941,
4.6457,-117.7012,-157.7012,
4.646,-117.849,-157.849,
4.6463,-115.6917,-155.6917,
4.6466,-118.8176,-158.8176,
4.6469,-115.6524,-155.6524,
4.6472,-116.5019,-156.5019,
4.6475,-116.4236,-156.4236,
4.6478,-118.7296,-158.7296,
4.6481,-118.4692,-158.4692,
4.6484,-120.3008,-160.3008,
4.6487,-118.6001,-158.6001,
4.649,-116.5966,-156.5966,
4.6493,-117.5216,-157.5216,
4.6496,-118.0243,-158.0243,
4.6499,-119.5309,-159.5309,
4.6502,-116.3279,-156.3279,
4.6505,-118.337,-158.337,
4.6508,-117.1495,-157.1495,
4.6511,-116.0869,-156.0869,
4.6514,-117.0525,-157.0525,
4.6517,-116.2135,-156.2135,
4.652,-118.6692,-158.6692,
4.6523,-117.4509,-157.4509,
4.6526,-117.3157,-157.3157,
4.6529,-116.0544,-156.0544,
4.6532,-117.7691,-157.7691,
4.6535,-118.9542,-158.9542,
4.6538,-118.2949,-158.2949,
4.6541,-116.3258,-156.3258,
4.6544,-117.9681,-157.9681,
4.6547,-116.3283,-156.3283,
4.655,-117.1281,-157.1281,
4.6553,-117.3021,-157.3021,
4.6556,-119.3664,-159.3664,
4.6559,-117.5152,-157.5152,
4.6562,-117.7164,-157.7164,
4.6565,-116.584,-156.584,
4.6568,-117.1438,-157.1438,
4.6571,-117.9374,-157.9374,
4.6574,-117.6703,-157.6703,
4.6577,-116.2872,-156.2872,
4.658,-117.9221,-157.9221,
4.6583,-117.5426,-157.5426,
4.6586,-117.4666,-157.4666,
4.6589,-119.5567,-159.5567,
4.6592,-118.1506,-158.1506,
4.6595,-116.5047,-156.5047,
4.6598,-117.7763,-157.7763,
4.6601,-116.4823,-156.4823,
4.6604,-116.9024,-156.9024,
4.6607,-117.649,-157.649,
4.661,-115.9208,-155.9208,
4.6613,-117.2536,-157.2536,
4.6616,-115.8292,-155.8292,
4.6619,-116.6581,-156.6581,
4.6622,-115.8118,-155.8118,
4.6625,-116.9796,-156.9796,
4.6628,-119.3354,-159.3354,
4.6631,-116.8951,-156.8951,
4.6634,-117.7243,-157.7243,
4.6637,-117.3148,-157.3148,
4.664,-116.5816,-156.5816,
4.6643,-114.0105,-154.0105,
4.6646,-115.6998,-155.6998,
4.6649,-114.3092,-154.3092,
4.6652,-116.5397,-156.5397,
4.6655,-115.4412,-155.4412,
4.6658,-116.5016,-156.5016,
4.6661,-118.0321,-158.0321,
4.6664,-116.4257,-156.4257,
4.6667,-116.4259,-156.4259,
4.667,-114.887,-154.887,
4.6673,-114.9634,-154.9634,
4.6676,-114.4642,-154.4642,
4.6679,-115.1192,-155.1192,
4.6682,-114.9126,-154.9126,
4.6685,-115.0664,-155.0664,
4.6688,-117.3161,-157.3161,
4.6691,-117.4688,-157.4688,
4.6694,-115.6967,-155.6967,
4.6697,-115.0216,-155.0216,
4.67,-115.2135,-155.2135,
4.6703,-116.0135,-156.0135,
4.6706,-116.6011,-156.6011,
4.6709,-115.7101,-155.7101,
4.6712,-115.9305,-155.9305,
4.6715,-117.0547,-157.0547,
4.6718,-114.9957,-154.9957,
4.6721,-115.1051,-155.1051,
4.6724,-114.8095,-154.8095,
4.6727,-114.6416,-154.6416,
4.673,-115.7198,-155.7198,
4.6733,-117.0986,-157.0986,
4.6736,-118.0405,-158.0405,
4.6739,-115.9471,-155.9471,
4.6742,-117.5416,-157.5416,
4.6745,-115.6774,-155.6774,
4.6748,-117.0483,-157.0483,
4.6751,-117.0556,-157.0556,
4.6754,-115.9627,-155.9627,
4.6757,-115.6705,-155.6705,
4.676,-115.9146,-155.9146,
4.6763,-116.7744,-156.7744,
4.6766,-119.0304,-159.0304,
4.6769,-116.6857,-156.6857,
4.6772,-116.9431,-156.9431,
4.6775,-115.8248,-155.8248,
4.6778,-117.2064,-157.2064,
4.6781,-117.7123,-157.7123,
4.6784,-117.1943,-157.1943,
4.6787,-116.3877,-156.3877,
4.679,-116.0432,-156.0432,
4.6793,-117.0313,-157.0313,
4.6796,-116.3472,-156.3472,
4.6799,-117.3832,-157.3832,
4.6802,-117.7137,-157.7137,
4.6805,-115.7031,-155.7031,
4.6808,-116.6188,-156.6188,
4.6811,-116.9611,-156.9611,
4.6814,-116.8014,-156.8014,
4.6817,-117.4684,-157.4684,
4.682,-115.9321,-155.9321,
4.6823,-118.4742,-158.4742,
4.6826,-116.4048,-156.4048,
4.6829,-116.654,-156.654,
4.6832,-117.3483,-157.3483,
4.6835,-117.6337,-157.6337,
4.6838,-116.3003,-156.3003,
4.6841,-117.1355,-157.1355,
4.6844,-116.9868,-156.9868,
4.6847,-117.8212,-157.8212,
4.685,-117.5375,-157.5375,
4.6853,-116.2174,-156.2174,
4.6856,-115.4046,-155.4046,
4.6859,-116.5302,-156.5302,
4.6862,-116.5339,-156.5339,
4.6865,-115.8772,-155.8772,
4.6868,-118.016,-158.016,
4.6871,-117.6063,-157.6063,
4.6874,-119.3092,-159.3092,
4.6877,-117.8456,-157.8456,
4.688,-116.3765,-156.3765,
4.6883,-116.9741,-156.9741,
4.6886,-116.8016,-156.8016,
4.6889,-117.5315,-157.5315,
4.6892,-118.1779,-158.1779,
4.6895,-117.9554,-157.9554,
4.6898,-116.7353,-156.7353,
4.6901,-117.7991,-157.7991,
4.6904,-117.721,-157.721,
4.6907,-115.5669,-155.5669,
4.691,-119.3751,-159.3751,
4.6913,-118.6014,-158.6014,
4.6916,-117.0171,-157.0171,
4.6919,-117.1807,-157.1807,
4.6922,-116.8377,-156.8377,
4.6925,-118.8977,-158.8977,
4.6928,-119.3374,-159.3374,
4.6931,-118.8783,-158.8783,
4.6934,-116.8764,-156.8764,
4.6937,-115.9865,-155.9865,
4.694,-117.7204,-157.7204,
4.6943,-118.2071,-158.2071,
4.6946,-116.6412,-156.6412,
4.6949,-116.1187,-156.1187,
4.6952,-117.3527,-157.3527,
4.6955,-117.1003,-157.1003,
4.6958,-118.8207,-158.8207,
4.6961,-117.7437,-157.7437,
4.6964,-117.8684,-157.8684,
4.6967,-118.3095,-158.3095,
4.697,-118.7136,-158.7136,
4.6973,-118.3893,-158.3893,
4.6976,-116.9598,-156.9598,
4.6979,-117.8344,-157.8344,
4.6982,-117.3793,-157.3793,
4.6985,-115.2384,-155.2384,
4.6988,-118.6773,-158.6773,
4.6991,-117.3734,-157.3734,
4.6994,-118.0126,-158.0126,
4.6997,-117.3685,-157.3685,
4.7,-117.733,-157.733,
4.7003,-118.5438,-158.5438,
4.7006,-117.5597,-157.5597,
4.7009,-115.8184,-155.8184,
4.7012,-117.0871,-157.0871,
4.7015,-117.6502,-157.6502,
4.7018,-116.5215,-156.5215,
4.7021,-117.0265,-157.0265,
4.7024,-117.7354,-157.7354,
4.7027,-118.0693,-158.0693,
4.703,-116.7692,-156.7692,
4.7033,-117.4394,-157.4394,
4.7036,-115.4965,-155.4965,
4.7039,-116.7755,-156.7755,
4.7042,-118.175,-158.175,
4.7045,-117.6833,-157.6833,
4.7048,-115.921,-155.921,
4.7051,-114.2451,-154.2451,
4.7054,-116.633,-156.633,
4.7057,-115.4392,-155.4392,
4.706,-115.421,-155.421,
4.7063,-115.962,-155.962,
4.7066,-115.3603,-155.3603,
4.7069,-115.4334,-155.4334,
4.7072,-116.1781,-156.1781,
4.7075,-116.8556,-156.8556,
4.7078,-115.9309,-155.9309,
4.7081,-115.9178,-155.9178,
4.7084,-117.2191,-157.2191,
4.7087,-116.3827,-156.3827,
4.709,-115.0864,-155.0864,
4.7093,-117.0687,-157.0687,
4.7096,-115.586,-155.586,
4.7099,-115.3402,-155.3402,
4.7102,-116.1469,-156.1469,
4.7105,-116.7745,-156.7745,
4.7108,-117.226,-157.226,
4.7111,-115.1695,-155.1695,
4.7114,-113.7829,-153.7829,
4.7117,-117.381,-157.381,
4.712,-117.2752,-157.2752,
4.7123,-118.3162,-158.3162,
4.7126,-116.1676,-156.1676,
4.7129,-116.1219,-156.1219,
4.7132,-115.916,-155.916,
4.7135,-116.1184,-156.1184,
4.7138,-115.6679,-155.6679,
4.7141,-115.4575,-155.4575,
4.7144,-115.96,-155.96,
4.7147,-116.0921,-156.0921,
4.715,-116.3482,-156.3482,
4.7153,-117.0608,-157.0608,
4.7156,-116.9518,-156.9518,
4.7159,-116.704,-156.704,
4.7162,-118.092,-158.092,
4.7165,-117.3935,-157.3935,
4.7168,-116.7845,-156.7845,
4.7171,-117.1194,-157.1194,
4.7174,-117.1956,-157.1956,
4.7177,-117.7808,-157.7808,
4.718,-117.9688,-157.9688,
4.7183,-116.4711,-156.4711,
4.7186,-116.0991,-156.0991,
4.7189,-116.1439,-156.1439,
4.7192,-116.4148,-156.4148,
4.7195,-117.1989,-157.1989,
4.7198,-116.5657,-156.5657,
4.7201,-117.3746,-157.3746,
4.7204,-116.7098,-156.7098,
4.7207,-115.3581,-155.3581,
4.721,-116.0257,-156.0257,
4.7213,-117.2625,-157.2625,
4.7216,-117.9055,-157.9055,
4.7219,-116.8766,-156.8766,
4.7222,-118.2241,-158.2241,
4.7225,-118.6268,-158.6268,
4.7228,-118.1054,-158.1054,
4.7231,-118.5723,-158.5723,
4.7234,-117.9846,-157.9846,
4.7237,-117.1676,-157.1676,
4.724,-116.218,-156.218,
4.7243,-117.863,-157.863,
4.7246,-117.6621,-157.6621,
4.7249,-116.9034,-156.9034,
4.7252,-117.8817,-157.8817,
4.7255,-118.8432,-158.8432,
4.7258,-115.7569,-155.7569,
4.7261,-116.904,-156.904,
4.7264,-116.4765,-156.4765,
4.7267,-117.3931,-157.3931,
4.727,-118.0767,-158.0767,
4.7273,-117.1076,-157.1076,
4.7276,-119.0029,-159.0029,
4.7279,-119.49,-159.49,
4.7282,-117.9175,-157.9175,
4.7285,-118.134,-158.134,
4.7288,-117.9441,-157.9441,
4.7291,-118.3825,-158.3825,
4.7294,-116.4384,-156.4384,
4.7297,-119.863,-159.863,
4.73,-117.7254,-157.7254,
4.7303,-119.3687,-159.3687,
4.7306,-117.019,-157.019,
4.7309,-118.663,-158.663,
4.7312,-115.3244,-155.3244,
4.7315,-118.3462,-158.3462,
4.7318,-116.9569,-156.9569,
4.7321,-116.6592,-156.6592,
4.7324,-117.7981,-157.7981,
4.7327,-118.322,-158.322,
4.733,-115.6589,-155.6589,
4.7333,-117.1707,-157.1707,
4.7336,-119.7431,-159.7431,
4.7339,-118.7113,-158.7113,
4.7342,-117.2549,-157.2549,
4.7345,-118.2705,-158.2705,
4.7348,-115.021,-155.021,
4.7351,-117.7645,-157.7645,
4.7354,-117.8058,-157.8058,
4.7357,-117.8002,-157.8002,
4.736,-119.6302,-159.6302,
4.7363,-118.0909,-158.0909,
4.7366,-118.2745,-158.2745,
4.7369,-118.468,-158.468,
4.7372,-118.4866,-158.4866,
4.7375,-118.2025,-158.2025,
4.7378,-118.8696,-158.8696,
4.7381,-118.1361,-158.1361,
4.7384,-118.8821,-158.8821,
4.7387,-116.6011,-156.6011,
4.739,-117.3088,-157.3088,
4.7393,-116.6291,-156.6291,
4.7396,-117.6552,-157.6552,
4.7399,-115.9028,-155.9028,
4.7402,-116.9786,-156.9786,
4.7405,-118.5891,-158.5891,
4.7408,-118.2774,-158.2774,
4.7411,-115.7256,-155.7256,
4.7414,-117.6132,-157.6132,
4.7417,-116.6538,-156.6538,
4.742,-115.6591,-155.6591,
4.7423,-116.0278,-156.0278,
4.7426,-115.4035,-155.4035,
4.7429,-116.9171,-156.9171,
4.7432,-116.5936,-156.5936,
4.7435,-116.6666,-156.6666,
4.7438,-115.326,-155.326,
4.7441,-115.7526,-155.7526,
4.7444,-116.0957,-156.0957,
4.7447,-114.7658,-154.7658,
4.745,-117.5332,-157.5332,
4.7453,-116.443,-156.443,
4.7456,-117.1951,-157.1951,
4.7459,-115.6601,-155.6601,
4.7462,-114.3177,-154.3177,
4.7465,-116.0525,-156.0525,
4.7468,-115.4817,-155.4817,
4.7471,-115.8711,-155.8711,
4.7474,-116.8517,-156.8517,
4.7477,-116.3295,-156.3295,
4.748,-117.4792,-157.4792,
4.7483,-117.0371,-157.0371,
4.7486,-116.3859,-156.3859,
4.7489,-117.1869,-157.1869,
4.7492,-115.3277,-155.3277,
4.7495,-113.5458,-153.5458,
4.7498,-116.4254,-156.4254,
4.7501,-114.9555,-154.9555,
4.7504,-116.2683,-156.2683,
4.7507,-116.3948,-156.3948,
4.751,-114.5415,-154.5415,
4.7513,-116.8872,-156.8872,
4.7516,-116.8469,-156.8469,
4.7519,-117.1089,-157.1089,
4.7522,-115.0378,-155.0378,
4.7525,-116.5954,-156.5954,
4.7528,-116.0569,-156.0569,
4.7531,-115.4519,-155.4519,
4.7534,-114.5788,-154.5788,
4.7537,-116.2342,-156.2342,
4.754,-115.6891,-155.6891,
4.7543,-115.1248,-155.1248,
4.7546,-117.4889,-157.4889,
4.7549,-118.173,-158.173,
4.7552,-117.0564,-157.0564,
4.7555,-117.7292,-157.7292,
4.7558,-115.7134,-155.7134,
4.7561,-117.3837,-157.3837,
4.7564,-119.0478,-159.0478,
4.7567,-117.8865,-157.8865,
4.757,-115.0152,-155.0152,
4.7573,-115.5145,-155.5145,
4.7576,-116.8056,-156.8056,
4.7579,-117.4167,-157.4167,
4.7582,-116.849,-156.849,
4.7585,-119.1917,-159.1917,
4.7588,-115.5827,-155.5827,
4.7591,-118.28,-158.28,
4.7594,-118.8298,-158.8298,
4.7597,-118.8396,-158.8396,
4.76,-117.8847,-157.8847,
4.7603,-117.1307,-157.1307,
4.7606,-117.8377,-157.8377,
4.7609,-117.7917,-157.7917,
4.7612,-117.0483,-157.0483,
4.7615,-118.0858,-158.0858,
4.7618,-118.0514,-158.0514,
4.7621,-118.3319,-158.3319,
4.7624,-117.0856,-157.0856,
4.7627,-119.092,-159.092,
4.763,-117.9653,-157.9653,
4.7633,-117.4139,-157.4139,
4.7636,-117.0669,-157.0669,
4.7639,-118.6132,-158.6132,
4.7642,-117.5944,-157.5944,
4.7645,-119.1155,-159.1155,
4.7648,-118.4163,-158.4163,
4.7651,-117.966,-157.966,
4.7654,-115.415,-155.415,
4.7657,-117.1511,-157.1511,
4.766,-117.5827,-157.5827,
4.7663,-117.1641,-157.1641,
4.7666,-117.4592,-157.4592,
4.7669,-118.3023,-158.3023,
4.7672,-118.3416,-158.3416,
4.7675,-119.2718,-159.2718,
4.7678,-117.6058,-157.6058,
4.7681,-115.7954,-155.7954,
4.7684,-117.903,-157.903,
4.7687,-117.7511,-157.7511,
4.769,-118.3401,-158.3401,
4.7693,-117.7815,-157.7815,
4.7696,-118.1565,-158.1565,
4.7699,-118.304,-158.304,
4.7702,-117.4021,-157.4021,
4.7705,-118.406,-158.406,
4.7708,-117.4514,-157.4514,
4.7711,-116.8518,-156.8518,
4.7714,-118.1782,-158.1782,
4.7717,-117.6337,-157.6337,
4.772,-118.6246,-158.6246,
4.7723,-118.0157,-158.0157,
4.7726,-118.4477,-158.4477,
4.7729,-117.5669,-157.5669,
4.7732,-118.6494,-158.6494,
4.7735,-117.3447,-157.3447,
4.7738,-119.0966,-159.0966,
4.7741,-117.9709,-157.9709,
4.7744,-117.6327,-157.6327,
4.7747,-118.1882,-158.1882,
4.775,-116.8612,-156.8612,
4.7753,-117.6109,-157.6109,
4.7756,-117.6251,-157.6251,
4.7759,-118.1333,-158.1333,
4.7762,-117.6899,-157.6899,
4.7765,-117.3142,-157.3142,
4.7768,-116.5689,-156.5689,
4.7771,-117.5414,-157.5414,
4.7774,-119.1062,-159.1062,
4.7777,-118.073,-158.073,
4.778,-116.4789,-156.4789,
4.7783,-117.2396,-157.2396,
4.7786,-116.4021,-156.4021,
4.7789,-118.1616,-158.1616,
4.7792,-117.8751,-157.8751,
4.7795,-117.7642,-157.7642,
4.7798,-116.8574,-156.8574,
4.7801,-118.8547,-158.8547,
4.7804,-119.2434,-159.2434,
4.7807,-118.3113,-158.3113,
4.781,-118.2713,-158.2713,
4.7813,-116.1523,-156.1523,
4.7816,-116.7566,-156.7566,
4.7819,-116.2115,-156.2115,
4.7822,-116.2495,-156.2495,
4.7825,-115.7908,-155.7908,
4.7828,-117.1636,-157.1636,
4.7831,-117.7778,-157.7778,
4.7834,-116.8917,-156.8917,
4.7837,-116.4916,-156.4916,
4.784,-116.7973,-156.7973,
4.7843,-115.5645,-155.5645,
4.7846,-117.9294,-157.9294,
4.7849,-116.4592,-156.4592,
4.7852,-116.3194,-156.3194,
4.7855,-115.682,-155.682,
4.7858,-114.7439,-154.7439,
4.7861,-116.1282,-156.1282,
4.7864,-113.6223,-153.6223,
4.7867,-114.4705,-154.4705,
4.787,-115.5633,-155.5633,
4.7873,-116.1924,-156.1924,
4.7876,-115.4567,-155.4567,
4.7879,-116.8129,-156.8129,
4.7882,-115.8485,-155.8485,
4.7885,-116.5813,-156.5813,
4.7888,-115.1587,-155.1587,
4.7891,-116.1447,-156.1447,
4.7894,-116.3078,-156.3078,
4.7897,-116.0793,-156.0793,
4.79,-117.1758,-157.1758,
4.7903,-114.9952,-154.9952,
4.7906,-117.3664,-157.3664,
4.7909,-116.5855,-156.5855,
4.7912,-116.8647,-156.8647,
4.7915,-116.7416,-156.7416,
4.7918,-116.4097,-156.4097,
4.7921,-116.8431,-156.8431,
4.7924,-115.1458,-155.1458,
4.7927,-115.0046,-155.0046,
4.793,-115.4345,-155.4345,
4.7933,-115.0615,-155.0615,
4.7936,-115.5491,-155.5491,
4.7939,-116.2902,-156.2902,
4.7942,-116.0372,-156.0372,
4.7945,-116.8455,-156.8455,
4.7948,-116.7476,-156.7476,
4.7951,-116.6846,-156.6846,
4.7954,-116.2429,-156.2429,
4.7957,-115.9336,-155.9336,
4.796,-116.7169,-156.7169,
4.7963,-117.4873,-157.4873,
4.7966,-115.6598,-155.6598,
4.7969,-116.611,-156.611,
4.7972,-115.1196,-155.1196,
4.7975,-117.5746,-157.5746,
4.7978,-117.2444,-157.2444,
4.7981,-117.0041,-157.0041,
4.7984,-117.9879,-157.9879,
4.7987,-115.411,-155.411,
4.799,-116.9593,-156.9593,
4.7993,-116.3969,-156.3969,
4.7996,-116.5516,-156.5516,
4.7999,-116.9613,-156.9613,
4.8002,-115.9898,-155.9898,
4.8005,-116.1695,-156.1695,
4.8008,-116.0532,-156.0532,
4.8011,-116.7615,-156.7615,
4.8014,-115.8486,-155.8486,
4.8017,-118.4748,-158.4748,
4.802,-117.6456,-157.6456,
4.8023,-116.3398,-156.3398,
4.8026,-116.8992,-156.8992,
4.8029,-118.742,-158.742,
4.8032,-117.5547,-157.5547,
4.8035,-116.9071,-156.9071,
4.8038,-118.9073,-158.9073,
4.8041,-117.6247,-157.6247,
4.8044,-116.8989,-156.8989,
4.8047,-117.8421,-157.8421,
4.805,-117.8368,-157.8368,
4.8053,-117.5298,-157.5298,
4.8056,-118.8042,-158.8042,
4.8059,-117.1179,-157.1179,
4.8062,-120.0927,-160.0927,
4.8065,-118.5191,-158.5191,
4.8068,-118.4219,-158.4219,
4.8071,-117.0009,-157.0009,
4.8074,-118.3185,-158.3185,
4.8077,-118.6885,-158.6885,
4.808,-119.3486,-159.3486,
4.8083,-119.09,-159.09,
4.8086,-118.319,-158.319,
4.8089,-118.3464,-158.3464,
4.8092,-117.1459,-157.1459,
4.8095,-118.1891,-158.1891,
4.8098,-118.3788,-158.3788,
4.8101,-118.9475,-158.9475,
4.8104,-116.9477,-156.9477,
4.8107,-117.3125,-157.3125,
4.811,-116.9654,-156.9654,
4.8113,-117.6109,-157.6109,
4.8116,-116.8733,-156.8733,
4.8119,-119.3056,-159.3056,
4.8122,-116.5687,-156.5687,
4.8125,-117.1991,-157.1991,
4.8128,-117.9748,-157.9748,
4.8131,-119.5214,-159.5214,
4.8134,-116.7999,-156.7999,
4.8137,-118.1968,-158.1968,
4.814,-116.6519,-156.6519,
4.8143,-117.5369,-157.5369,
4.8146,-117.9767,-157.9767,
4.8149,-118.1278,-158.1278,
4.8152,-118.1905,-158.1905,
4.8155,-118.5569,-158.5569,
4.8158,-116.5445,-156.5445,
4.8161,-116.0238,-156.0238,
4.8164,-117.2516,-157.2516,
4.8167,-117.1292,-157.1292,
4.817,-117.6142,-157.6142,
4.8173,-117.4991,-157.4991,
4.8176,-116.1349,-156.1349,
4.8179,-117.1159,-157.1159,
4.8182,-117.9916,-157.9916,
4.8185,-119.8753,-159.8753,
4.8188,-117.0365,-157.0365,
4.8191,-116.6311,-156.6311,
4.8194,-115.0651,-155.0651,
4.8197,-115.898,-155.898,
4.82,-116.7955,-156.7955,
4.8203,-118.0699,-158.0699,
4.8206,-116.7599,-156.7599,
4.8209,-119.1658,-159.1658,
4.8212,-116.7966,-156.7966,
4.8215,-116.8246,-156.8246,
4.8218,-117.396,-157.396,
4.8221,-117.6194,-157.6194,
4.8224,-116.7493,-156.7493,
4.8227,-116.7581,-156.7581,
4.823,-116.4617,-156.4617,
4.8233,-116.8926,-156.8926,
4.8236,-117.2177,-157.2177,
4.8239,-116.1725,-156.1725,
4.8242,-116.2787,-156.2787,
4.8245,-117.4705,-157.4705,
4.8248,-117.7236,-157.7236,
4.8251,-117.2569,-157.2569,
4.8254,-116.268,-156.268,
4.8257,-115.3439,-155.3439,
4.826,-115.3388,-155.3388,
4.8263,-117.0961,-157.0961,
4.8266,-115.372,-155.372,
4.8269,-116.1196,-156.1196,
4.8272,-116.2099,-156.2099,
4.8275,-115.3861,-155.3861,
4.8278,-116.0239,-156.0239,
4.8281,-116.0643,-156.0643,
4.8284,-115.9502,-155.9502,
4.8287,-116.0887,-156.0887,
4.829,-117.9806,-157.9806,
4.8293,-115.2915,-155.2915,
4.8296,-119.3923,-159.3923,
4.8299,-115.4182,-155.4182,
4.8302,-116.4483,-156.4483,
4.8305,-114.465,-154.465,
4.8308,-115.7971,-155.7971,
4.8311,-114.8289,-154.8289,
4.8314,-116.4357,-156.4357,
4.8317,-114.7645,-154.7645,
4.832,-115.3457,-155.3457,
4.8323,-116.6255,-156.6255,
4.8326,-116.0692,-156.0692,
4.8329,-117.1434,-157.1434,
4.8332,-114.2407,-154.2407,
4.8335,-116.0198,-156.0198,
4.8338,-116.9604,-156.9604,
4.8341,-117.5321,-157.5321,
4.8344,-116.0258,-156.0258,
4.8347,-117.1869,-157.1869,
4.835,-117.9007,-157.9007,
4.8353,-116.567,-156.567,
4.8356,-116.2919,-156.2919,
4.8359,-114.4403,-154.4403,
4.8362,-116.2763,-156.2763,
4.8365,-116.6561,-156.6561,
4.8368,-117.0089,-157.0089,
4.8371,-115.7652,-155.7652,
4.8374,-117.3685,-157.3685,
4.8377,-116.6054,-156.6054,
4.838,-116.54,-156.54,
4.8383,-118.9662,-158.9662,
4.8386,-116.472,-156.472,
4.8389,-119.0447,-159.0447,
4.8392,-117.0746,-157.0746,
4.8395,-117.15,-157.15,
4.8398,-117.0642,-157.0642,
4.8401,-118.1268,-158.1268,
4.8404,-117.6818,-157.6818,
4.8407,-117.759,-157.759,
4.841,-118.0053,-158.0053,
4.8413,-115.8278,-155.8278,
4.8416,-117.2948,-157.2948,
4.8419,-117.7013,-157.7013,
4.8422,-117.8399,-157.8399,
4.8425,-117.0979,-157.0979,
4.8428,-117.0651,-157.0651,
4.8431,-117.6087,-157.6087,
4.8434,-118.3675,-158.3675,
4.8437,-118.159,-158.159,
4.844,-116.8786,-156.8786,
4.8443,-115.2191,-155.2191,
4.8446,-116.7355,-156.7355,
4.8449,-116.4782,-156.4782,
4.8452,-118.7012,-158.7012,
4.8455,-118.0547,-158.0547,
4.8458,-117.7128,-157.7128,
4.8461,-118.1684,-158.1684,
4.8464,-117.4907,-157.4907,
4.8467,-117.5856,-157.5856,
4.847,-117.3669,-157.3669,
4.8473,-116.0842,-156.0842,
4.8476,-117.5852,-157.5852,
4.8479,-116.9606,-156.9606,
4.8482,-118.5552,-158.5552,
4.8485,-118.7105,-158.7105,
4.8488,-117.0242,-157.0242,
4.8491,-117.5123,-157.5123,
4.8494,-117.5211,-157.5211,
4.8497,-117.8831,-157.8831,
4.85,-117.9942,-157.9942,
4.8503,-116.0302,-156.0302,
4.8506,-117.9584,-157.9584,
4.8509,-118.7581,-158.7581,
4.8512,-118.396,-158.396,
4.8515,-116.397,-156.397,
4.8518,-118.1831,-158.1831,
4.8521,-118.548,-158.548,
4.8524,-118.8774,-158.8774,
4.8527,-115.8849,-155.8849,
4.853,-118.2406,-158.2406,
4.8533,-116.1536,-156.1536,
4.8536,-119.0335,-159.0335,
4.8539,-117.8777,-157.8777,
4.8542,-116.295,-156.295,
4.8545,-117.9029,-157.9029,
4.8548,-116.7627,-156.7627,
4.8551,-117.7378,-157.7378,
4.8554,-116.2799,-156.2799,
4.8557,-118.1985,-158.1985,
4.856,-117.512,-157.512,
4.8563,-116.8156,-156.8156,
4.8566,-118.4813,-158.4813,
4.8569,-118.2098,-158.2098,
4.8572,-117.188,-157.188,
4.8575,-118.1558,-158.1558,
4.8578,-117.4277,-157.4277,
4.8581,-119.2806,-159.2806,
4.8584,-117.8066,-157.8066,
4.8587,-119.9529,-159.9529,
4.859,-117.0909,-157.0909,
4.8593,-118.383,-158.383,
4.8596,-117.9424,-157.9424,
4.8599,-116.7463,-156.7463,
4.8602,-117.5225,-157.5225,
4.8605,-118.923,-158.923,
4.8608,-118.6005,-158.6005,
4.8611,-117.8256,-157.8256,
4.8614,-119.3031,-159.3031,
4.8617,-116.6287,-156.6287,
4.862,-117.4225,-157.4225,
4.8623,-115.7883,-155.7883,
4.8626,-116.0629,-156.0629,
4.8629,-117.262,-157.262,
4.8632,-116.1206,-156.1206,
4.8635,-115.3347,-155.3347,
4.8638,-117.9744,-157.9744,
4.8641,-115.754,-155.754,
4.8644,-118.0421,-158.0421,
4.8647,-114.9133,-154.9133,
4.865,-117.216,-157.216,
4.8653,-117.6672,-157.6672,
4.8656,-116.6668,-156.6668,
4.8659,-116.6868,-156.6868,
4.8662,-116.027,-156.027,
4.8665,-116.0748,-156.0748,
4.8668,-115.7297,-155.7297,
4.8671,-115.857,-155.857,
4.8674,-116.9008,-156.9008,
4.8677,-115.232,-155.232,
4.868,-115.2202,-155.2202,
4.8683,-117.825,-157.825,
4.8686,-116.1802,-156.1802,
4.8689,-116.6965,-156.6965,
4.8692,-115.5529,-155.5529,
4.8695,-114.1242,-154.1242,
4.8698,-114.5688,-154.5688,
4.8701,-114.4383,-154.4383,
4.8704,-115.6337,-155.6337,
4.8707,-117.8359,-157.8359,
4.871,-115.4965,-155.4965,
4.8713,-114.1928,-154.1928,
4.8716,-114.4762,-154.4762,
4.8719,-115.4281,-155.4281,
4.8722,-114.0346,-154.0346,
4.8725,-115.8757,-155.8757,
4.8728,-114.0667,-154.0667,
4.8731,-116.2552,-156.2552,
4.8734,-116.8613,-156.8613,
4.8737,-114.7313,-154.7313,
4.874,-117.3308,-157.3308,
4.8743,-116.0417,-156.0417,
4.8746,-115.3051,-155.3051,
4.8749,-115.015,-155.015,
4.8752,-116.8541,-156.8541,
4.8755,-115.6415,-155.6415,
4.8758,-115.4594,-155.4594,
4.8761,-117.3998,-157.3998,
4.8764,-115.9562,-155.9562,
4.8767,-116.3587,-156.3587,
4.877,-115.0484,-155.0484,
4.8773,-117.9182,-157.9182,
4.8776,-116.4539,-156.4539,
4.8779,-117.0134,-157.0134,
4.8782,-117.9345,-157.9345,
4.8785,-118.0839,-158.0839,
4.8788,-118.0226,-158.0226,
4.8791,-115.587,-155.587,
4.8794,-117.1187,-157.1187,
4.8797,-116.949,-156.949,
4.88,-116.5205,-156.5205,
4.8803,-116.0107,-156.0107,
4.8806,-117.4655,-157.4655,
4.8809,-116.1917,-156.1917,
4.8812,-116.7996,-156.7996,
4.8815,-118.531,-158.531,
4.8818,-118.9832,-158.9832,
4.8821,-117.597,-157.597,
4.8824,-119.8882,-159.8882,
4.8827,-117.8578,-157.8578,
4.883,-117.3345,-157.3345,
4.8833,-118.1939,-158.1939,
4.8836,-118.5844,-158.5844,
4.8839,-119.6625,-159.6625,
4.8842,-118.6955,-158.6955,
4.8845,-117.2441,-157.2441,
4.8848,-118.1171,-158.1171,
4.8851,-118.2087,-158.2087,
4.8854,-117.643,-157.643,
4.8857,-117.1735,-157.1735,
4.886,-118.1404,-158.1404,
4.8863,-117.9736,-157.9736,
4.8866,-116.3014,-156.3014,
4.8869,-117.4618,-157.4618,
4.8872,-117.0017,-157.0017,
4.8875,-118.1041,-158.1041,
4.8878,-117.7542,-157.7542,
4.8881,-116.8514,-156.8514,
4.8884,-117.342,-157.342,
4.8887,-118.5767,-158.5767,
4.889,-117.2982,-157.2982,
4.8893,-119.1143,-159.1143,
4.8896,-117.7653,-157.7653,
4.8899,-119.8448,-159.8448,
4.8902,-117.4105,-157.4105,
4.8905,-117.7777,-157.7777,
4.8908,-118.2862,-158.2862,
4.8911,-116.9727,-156.9727,
4.8914,-118.3769,-158.3769,
4.8917,-116.9735,-156.9735,
4.892,-118.8185,-158.8185,
4.8923,-116.7755,-156.7755,
4.8926,-117.5571,-157.5571,
4.8929,-119.6601,-159.6601,
4.8932,-118.9975,-158.9975,
4.8935,-117.9051,-157.9051,
4.8938,-118.6859,-158.6859,
4.8941,-118.1161,-158.1161,
4.8944,-116.7155,-156.7155,
4.8947,-120.4923,-160.4923,
4.895,-118.226,-158.226,
4.8953,-118.1886,-158.1886,
4.8956,-117.2519,-157.2519,
4.8959,-118.1996,-158.1996,
4.8962,-118.7674,-158.7674,
4.8965,-116.6314,-156.6314,
4.8968,-116.5506,-156.5506,
4.8971,-117.3359,-157.3359,
4.8974,-120.6992,-160.6992,
4.8977,-118.1036,-158.1036,
4.898,-118.238,-158.238,
4.8983,-117.454,-157.454,
4.8986,-118.6882,-158.6882,
4.8989,-116.9001,-156.9001,
4.8992,-117.5658,-157.5658,
4.8995,-116.6094,-156.6094,
4.8998,-118.2302,-158.2302,
4.9001,-117.2471,-157.2471,
4.9004,-119.0283,-159.0283,
4.9007,-117.6137,-157.6137,
4.901,-117.2003,-157.2003,
4.9013,-117.5776,-157.5776,
4.9016,-117.6006,-157.6006,
4.9019,-118.0004,-158.0004,
4.9022,-119.6382,-159.6382,
4.9025,-117.9747,-157.9747,
4.9028,-116.7905,-156.7905,
4.9031,-118.2794,-158.2794,
4.9034,-118.0579,-158.0579,
4.9037,-118.2655,-158.2655,
4.904,-115.7162,-155.7162,
4.9043,-116.5056,-156.5056,
4.9046,-117.9769,-157.9769,
4.9049,-118.086,-158.086,
4.9052,-115.1112,-155.1112,
4.9055,-117.4034,-157.4034,
4.9058,-117.6124,-157.6124,
4.9061,-118.3203,-158.3203,
4.9064,-118.1231,-158.1231,
4.9067,-119.0821,-159.0821,
4.907,-117.4109,-157.4109,
4.9073,-116.5319,-156.5319,
4.9076,-115.5525,-155.5525,
4.9079,-116.2859,-156.2859,
4.9082,-116.6034,-156.6034,
4.9085,-116.4086,-156.4086,
4.9088,-117.9856,-157.9856,
4.9091,-115.512,-155.512,
4.9094,-115.5525,-155.5525,
4.9097,-115.9063,-155.9063,
4.91,-116.47,-156.47,
4.9103,-116.3866,-156.3866,
4.9106,-117.1976,-157.1976,
4.9109,-115.9318,-155.9318,
4.9112,-116.2191,-156.2191,
4.9115,-114.94,-154.94,
4.9118,-116.1818,-156.1818,
4.9121,-117.1319,-157.1319,
4.9124,-117.2546,-157.2546,
4.9127,-117.855,-157.855,
4.913,-115.2487,-155.2487,
4.9133,-116.3716,-156.3716,
4.9136,-114.6676,-154.6676,
4.9139,-116.1287,-156.1287,
4.9142,-115.4677,-155.4677,
4.9145,-114.0981,-154.0981,
4.9148,-115.7793,-155.7793,
4.9151,-114.6827,-154.6827,
4.9154,-118.1269,-158.1269,
4.9157,-115.1443,-155.1443,
4.916,-117.8591,-157.8591,
4.9163,-116.424,-156.424,
4.9166,-116.2474,-156.2474,
4.9169,-116.1443,-156.1443,
4.9172,-115.6374,-155.6374,
4.9175,-116.4966,-156.4966,
4.9178,-115.9089,-155.9089,
4.9181,-117.0205,-157.0205,
4.9184,-116.9586,-156.9586,
4.9187,-118.1449,-158.1449,
4.919,-115.9625,-155.9625,
4.9193,-116.2634,-156.2634,
4.9196,-117.5629,-157.5629,
4.9199,-115.5034,-155.5034,
4.9202,-117.2607,-157.2607,
4.9205,-117.0405,-157.0405,
4.9208,-115.6395,-155.6395,
4.9211,-116.82,-156.82,
4.9214,-115.7495,-155.7495,
4.9217,-116.7731,-156.7731,
4.922,-116.2717,-156.2717,
4.9223,-119.0613,-159.0613,
4.9226,-117.5306,-157.5306,
4.9229,-119.206,-159.206,
4.9232,-117.2763,-157.2763,
4.9235,-118.6274,-158.6274,
4.9238,-117.8262,-157.8262,
4.9241,-116.8819,-156.8819,
4.9244,-117.3622,-157.3622,
4.9247,-117.0738,-157.0738,
4.925,-119.1575,-159.1575,
4.9253,-116.2689,-156.2689,
4.9256,-119.1579,-159.1579,
4.9259,-118.1808,-158.1808,
4.9262,-119.0395,-159.0395,
4.9265,-117.5216,-157.5216,
4.9268,-117.6882,-157.6882,
4.9271,-116.7642,-156.7642,
4.9274,-116.9011,-156.9011,
4.9277,-118.3306,-158.3306,
4.928,-117.7937,-157.7937,
4.9283,-118.3043,-158.3043,
4.9286,-118.9745,-158.9745,
4.9289,-120.0677,-160.0677,
4.9292,-118.0637,-158.0637,
4.9295,-117.3305,-157.3305,
4.9298,-117.9872,-157.9872,
4.9301,-119.0282,-159.0282,
4.9304,-119.2013,-159.2013,
4.9307,-118.0785,-158.0785,
4.931,-117.7647,-157.7647,
4.9313,-118.9729,-158.9729,
4.9316,-116.8126,-156.8126,
4.9319,-117.7918,-157.7918,
4.9322,-117.4316,-157.4316,
4.9325,-117.9053,-157.9053,
4.9328,-116.611,-156.611,
4.9331,-118.0825,-158.0825,
4.9334,-116.9991,-156.9991,
4.9337,-117.504,-157.504,
4.934,-118.7158,-158.7158,
4.9343,-118.1458,-158.1458,
4.9346,-118.4446,-158.4446,
4.9349,-119.0176,-159.0176,
4.9352,-117.3735,-157.3735,
4.9355,-118.7863,-158.7863,
4.9358,-117.924,-157.924,
4.9361,-117.8094,-157.8094,
4.9364,-117.7388,-157.7388,
4.9367,-118.7718,-158.7718,
4.937,-117.5082,-157.5082,
4.9373,-118.4025,-158.4025,
4.9376,-118.6489,-158.6489,
4.9379,-117.179,-157.179,
4.9382,-117.4995,-157.4995,
4.9385,-117.1003,-157.1003,
4.9388,-118.8381,-158.8381,
4.9391,-117.5038,-157.5038,
4.9394,-117.6896,-157.6896,
4.9397,-116.2967,-156.2967,
4.94,-117.3738,-157.3738,
4.9403,-118.9016,-158.9016,
4.9406,-118.8585,-158.8585,
4.9409,-117.6467,-157.6467,
4.9412,-116.7169,-156.7169,
4.9415,-117.6098,-157.6098,
4.9418,-117.6434,-157.6434,
4.9421,-117.8368,-157.8368,
4.9424,-119.5269,-159.5269,
4.9427,-117.9004,-157.9004,
4.943,-116.4595,-156.4595,
4.9433,-118.7659,-158.7659,
4.9436,-117.4462,-157.4462,
4.9439,-117.6392,-157.6392,
4.9442,-118.6995,-158.6995,
4.9445,-117.4163,-157.4163,
4.9448,-116.8893,-156.8893,
4.9451,-118.2291,-158.2291,
4.9454,-117.0065,-157.0065,
4.9457,-117.3677,-157.3677,
4.946,-118.7029,-158.7029,
4.9463,-117.7657,-157.7657,
4.9466,-116.1408,-156.1408,
4.9469,-116.7072,-156.7072,
4.9472,-116.9241,-156.9241,
4.9475,-115.8963,-155.8963,
4.9478,-116.2914,-156.2914,
4.9481,-116.9889,-156.9889,
4.9484,-117.6749,-157.6749,
4.9487,-116.9596,-156.9596,
4.949,-117.6025,-157.6025,
4.9493,-116.2117,-156.2117,
4.9496,-118.0541,-158.0541,
4.9499,-115.8508,-155.8508,
4.9502,-114.7804,-154.7804,
4.9505,-116.1268,-156.1268,
4.9508,-118.0676,-158.0676,
4.9511,-116.9044,-156.9044,
4.9514,-115.9146,-155.9146,
4.9517,-115.409,-155.409,
4.952,-115.947,-155.947,
4.9523,-113.9028,-153.9028,
4.9526,-116.6283,-156.6283,
4.9529,-116.2258,-156.2258,
4.9532,-115.4038,-155.4038,
4.9535,-117.525,-157.525,
4.9538,-115.5487,-155.5487,
4.9541,-116.7166,-156.7166,
4.9544,-118.0568,-158.0568,
4.9547,-116.9702,-156.9702,
4.955,-115.3637,-155.3637,
4.9553,-117.7906,-157.7906,
4.9556,-117.7416,-157.7416,
4.9559,-114.9435,-154.9435,
4.9562,-115.9549,-155.9549,
4.9565,-115.8263,-155.8263,
4.9568,-116.2177,-156.2177,
4.9571,-115.302,-155.302,
4.9574,-115.8485,-155.8485,
4.9577,-117.3114,-157.3114,
4.958,-117.9958,-157.9958,
4.9583,-118.4834,-158.4834,
4.9586,-114.6544,-154.6544,
4.9589,-118.3834,-158.3834,
4.9592,-117.6955,-157.6955,
4.9595,-116.1452,-156.1452,
4.9598,-116.1054,-156.1054,
4.9601,-117.7341,-157.7341,
4.9604,-117.8849,-157.8849,
4.9607,-116.6108,-156.6108,
4.961,-117.2886,-157.2886,
4.9613,-118.185,-158.185,
4.9616,-117.5021,-157.5021,
4.9619,-116.1972,-156.1972,
4.9622,-118.45,-158.45,
4.9625,-117.563,-157.563,
4.9628,-118.2891,-158.2891,
4.9631,-117.1982,-157.1982,
4.9634,-116.2435,-156.2435,
4.9637,-116.8304,-156.8304,
4.964,-117.4575,-157.4575,
4.9643,-117.0868,-157.0868,
4.9646,-117.4977,-157.4977,
4.9649,-117.3929,-157.3929,
4.9652,-116.8215,-156.8215,
4.9655,-116.6535,-156.6535,
4.9658,-118.1862,-158.1862,
4.9661,-116.1837,-156.1837,
4.9664,-116.5357,-156.5357,
4.9667,-116.9929,-156.9929,
4.967,-116.3922,-156.3922,
4.9673,-117.2147,-157.2147,
4.9676,-117.2085,-157.2085,
4.9679,-117.6761,-157.6761,
4.9682,-116.5528,-156.5528,
4.9685,-119.1425,-159.1425,
4.9688,-117.9764,-157.9764,
4.9691,-118.3445,-158.3445,
4.9694,-119.172,-159.172,
4.9697,-117.5485,-157.5485,
4.97,-118.7336,-158.7336,
4.9703,-118.4278,-158.4278,
4.9706,-117.6075,-157.6075,
4.9709,-118.721,-158.721,
4.9712,-117.1493,-157.1493,
4.9715,-118.8601,-158.8601,
4.9718,-118.172,-158.172,
4.9721,-117.4578,-157.4578,
4.9724,-118.2379,-158.2379,
4.9727,-119.2197,-159.2197,
4.973,-118.7888,-158.7888,
4.9733,-116.7202,-156.7202,
4.9736,-117.8619,-157.8619,
4.9739,-118.4031,-158.4031,
4.9742,-118.9803,-158.9803,
4.9745,-118.0795,-158.0795,
4.9748,-118.1178,-158.1178,
4.9751,-118.3108,-158.3108,
4.9754,-118.9586,-158.9586,
4.9757,-118.6747,-158.6747,
4.976,-117.6157,-157.6157,
4.9763,-117.7537,-157.7537,
4.9766,-119.7585,-159.7585,
4.9769,-117.1229,-157.1229,
4.9772,-116.4257,-156.4257,
4.9775,-117.4214,-157.4214,
4.9778,-116.394,-156.394,
4.9781,-117.687,-157.687,
4.9784,-119.4999,-159.4999,
4.9787,-118.9581,-158.9581,
4.979,-120.113,-160.113,
4.9793,-117.2788,-157.2788,
4.9796,-118.0057,-158.0057,
4.9799,-117.8106,-157.8106,
4.9802,-116.4662,-156.4662,
4.9805,-117.5275,-157.5275,
4.9808,-118.741,-158.741,
4.9811,-118.7802,-158.7802,
4.9814,-118.3182,-158.3182,
4.9817,-117.725,-157.725,
4.982,-119.632,-159.632,
4.9823,-116.741,-156.741,
4.9826,-118.3868,-158.3868,
4.9829,-117.4577,-157.4577,
4.9832,-117.9157,-157.9157,
4.9835,-117.0904,-157.0904,
4.9838,-117.3764,-157.3764,
4.9841,-117.1353,-157.1353,
4.9844,-118.3058,-158.3058,
4.9847,-118.7523,-158.7523,
4.985,-118.474,-158.474,
4.9853,-118.4592,-158.4592,
4.9856,-119.0205,-159.0205,
4.9859,-117.6246,-157.6246,
4.9862,-116.7429,-156.7429,
4.9865,-117.8186,-157.8186,
4.9868,-116.4797,-156.4797,
4.9871,-117.8282,-157.8282,
4.9874,-117.5628,-157.5628,
4.9877,-117.2994,-157.2994,
4.988,-116.9714,-156.9714,
4.9883,-116.2117,-156.2117,
4.9886,-116.4973,-156.4973,
4.9889,-117.4161,-157.4161,
4.9892,-117.915,-157.915,
4.9895,-116.5467,-156.5467,
4.9898,-117.3586,-157.3586,
4.9901,-114.9719,-154.9719,
4.9904,-118.0729,-158.0729,
4.9907,-116.1438,-156.1438,
4.991,-116.8267,-156.8267,
4.9913,-116.5772,-156.5772,
4.9916,-115.4753,-155.4753,
4.9919,-115.7002,-155.7002,
4.9922,-116.2638,-156.2638,
4.9925,-115.1444,-155.1444,
4.9928,-114.6595,-154.6595,
4.9931,-117.3075,-157.3075,
4.9934,-115.7181,-155.7181,
4.9937,-118.3503,-158.3503,
4.994,-116.0475,-156.0475,
4.9943,-115.7556,-155.7556,
4.9946,-116.161,-156.161,
4.9949,-115.2959,-155.2959,
4.9952,-114.1081,-154.1081,
4.9955,-115.5002,-155.5002,
4.9958,-115.3718,-155.3718,
4.9961,-115.916,-155.916,
4.9964,-115.243,-155.243,
4.9967,-116.3984,-156.3984,
4.997,-115.7877,-155.7877,
4.9973,-115.7991,-155.7991,
4.9976,-117.3749,-157.3749,
4.9979,-116.3743,-156.3743,
4.9982,-115.8713,-155.8713,
4.9985,-115.6254,-155.6254,
4.9988,-117.351,-157.351,
4.9991,-115.5528,-155.5528,
4.9994,-116.8564,-156.8564,
4.9997,-117.3223,-157.3223,
5,-115.603,-155.603,
